active_dim_1,active_dim_2,c,epochs,final_train_mse,final_val_mse,init_method,inp_dim,linear_readout,lmda,load_model,lr,model_path,model_scaling,n_train1,n_train2,one_task,pretrain_overlap,same_signs,save_path,scaling,seed,threshold,w_scaling
40.0,40.0,1e-05,1000000.0,9.218857621728915e-11,1.63063645362854,complex,1000.0,0.0,0.0,1.0,0.1,data/diagonal/pretrain/seed=0--active_dim=40--c=1e-05--lmda=0--init_method=complex/model.pt,0.001,1024.0,16.0,1.0,5.0,1.0,data/diagonal/overlap/seed=0--load_model=True--one_task=True--linear_readout=False--n_train2=16--pretrain_overlap=5/,0.001,0.0,1e-10,1.0
40.0,40.0,1e-05,1000000.0,9.16711567766626e-11,1.6386144161224363,complex,1000.0,0.0,-1e-05,1.0,0.1,data/diagonal/pretrain/seed=0--active_dim=40--c=1e-05--lmda=-1e-05--init_method=complex/model.pt,0.001,1024.0,16.0,1.0,5.0,1.0,data/diagonal/overlap/seed=0--load_model=True--one_task=True--linear_readout=False--n_train2=16--pretrain_overlap=5/,0.001,0.0,1e-10,1.0
40.0,40.0,1e-05,1000000.0,9.123987676495916e-11,1.6373945474624634,complex,1000.0,0.0,-8.5e-06,1.0,0.1,data/diagonal/pretrain/seed=0--active_dim=40--c=1e-05--lmda=-8.5e-06--init_method=complex/model.pt,0.001,1024.0,16.0,1.0,5.0,1.0,data/diagonal/overlap/seed=0--load_model=True--one_task=True--linear_readout=False--n_train2=16--pretrain_overlap=5/,0.001,0.0,1e-10,1.0
40.0,40.0,1e-05,1000000.0,9.362015329639206e-11,1.1689244508743286,complex,1000.0,0.0,0.0,1.0,0.1,data/diagonal/pretrain/seed=0--active_dim=40--c=1e-05--lmda=0--init_method=complex/model.pt,0.001,1024.0,16.0,1.0,20.0,1.0,data/diagonal/overlap/seed=0--load_model=True--one_task=True--linear_readout=False--n_train2=16--pretrain_overlap=20/,0.001,0.0,1e-10,1.0
40.0,40.0,1e-05,1000000.0,9.323208871592216e-11,1.1832741498947144,complex,1000.0,0.0,-1e-05,1.0,0.1,data/diagonal/pretrain/seed=0--active_dim=40--c=1e-05--lmda=-1e-05--init_method=complex/model.pt,0.001,1024.0,16.0,1.0,20.0,1.0,data/diagonal/overlap/seed=0--load_model=True--one_task=True--linear_readout=False--n_train2=16--pretrain_overlap=20/,0.001,0.0,1e-10,1.0
40.0,40.0,1e-05,1000000.0,9.514029841728444e-11,1.182857871055603,complex,1000.0,0.0,-8.5e-06,1.0,0.1,data/diagonal/pretrain/seed=0--active_dim=40--c=1e-05--lmda=-8.5e-06--init_method=complex/model.pt,0.001,1024.0,16.0,1.0,20.0,1.0,data/diagonal/overlap/seed=0--load_model=True--one_task=True--linear_readout=False--n_train2=16--pretrain_overlap=20/,0.001,0.0,1e-10,1.0
40.0,40.0,1e-05,1000000.0,9.319291172094067e-11,1.0126223564147951,complex,1000.0,0.0,0.0,1.0,0.1,data/diagonal/pretrain/seed=0--active_dim=40--c=1e-05--lmda=0--init_method=complex/model.pt,0.001,1024.0,16.0,1.0,30.0,1.0,data/diagonal/overlap/seed=0--load_model=True--one_task=True--linear_readout=False--n_train2=16--pretrain_overlap=30/,0.001,0.0,1e-10,1.0
40.0,40.0,1e-05,1000000.0,9.027473213407687e-11,1.0205178260803225,complex,1000.0,0.0,-1e-05,1.0,0.1,data/diagonal/pretrain/seed=0--active_dim=40--c=1e-05--lmda=-1e-05--init_method=complex/model.pt,0.001,1024.0,16.0,1.0,30.0,1.0,data/diagonal/overlap/seed=0--load_model=True--one_task=True--linear_readout=False--n_train2=16--pretrain_overlap=30/,0.001,0.0,1e-10,1.0
40.0,40.0,1e-05,1000000.0,9.086464913821146e-11,1.0198986530303955,complex,1000.0,0.0,-8.5e-06,1.0,0.1,data/diagonal/pretrain/seed=0--active_dim=40--c=1e-05--lmda=-8.5e-06--init_method=complex/model.pt,0.001,1024.0,16.0,1.0,30.0,1.0,data/diagonal/overlap/seed=0--load_model=True--one_task=True--linear_readout=False--n_train2=16--pretrain_overlap=30/,0.001,0.0,1e-10,1.0
40.0,40.0,1e-05,1000000.0,9.190466443431687e-11,0.6089658141136169,complex,1000.0,0.0,0.0,1.0,0.1,data/diagonal/pretrain/seed=0--active_dim=40--c=1e-05--lmda=0--init_method=complex/model.pt,0.001,1024.0,16.0,1.0,40.0,1.0,data/diagonal/overlap/seed=0--load_model=True--one_task=True--linear_readout=False--n_train2=16--pretrain_overlap=40/,0.001,0.0,1e-10,1.0
40.0,40.0,1e-05,1000000.0,9.23765647309338e-11,0.6074819564819336,complex,1000.0,0.0,-1e-05,1.0,0.1,data/diagonal/pretrain/seed=0--active_dim=40--c=1e-05--lmda=-1e-05--init_method=complex/model.pt,0.001,1024.0,16.0,1.0,40.0,1.0,data/diagonal/overlap/seed=0--load_model=True--one_task=True--linear_readout=False--n_train2=16--pretrain_overlap=40/,0.001,0.0,1e-10,1.0
40.0,40.0,1e-05,1000000.0,9.423814506526183e-11,0.6076712608337402,complex,1000.0,0.0,-8.5e-06,1.0,0.1,data/diagonal/pretrain/seed=0--active_dim=40--c=1e-05--lmda=-8.5e-06--init_method=complex/model.pt,0.001,1024.0,16.0,1.0,40.0,1.0,data/diagonal/overlap/seed=0--load_model=True--one_task=True--linear_readout=False--n_train2=16--pretrain_overlap=40/,0.001,0.0,1e-10,1.0
40.0,40.0,1e-05,1000000.0,9.810638412766082e-11,1.7703126668930054,complex,1000.0,0.0,0.0,1.0,0.1,data/diagonal/pretrain/seed=0--active_dim=40--c=1e-05--lmda=0--init_method=complex/model.pt,0.001,1024.0,32.0,1.0,5.0,1.0,data/diagonal/overlap/seed=0--load_model=True--one_task=True--linear_readout=False--n_train2=32--pretrain_overlap=5/,0.001,0.0,1e-10,1.0
40.0,40.0,1e-05,1000000.0,9.845381454542944e-11,1.9825738668441768,complex,1000.0,0.0,-1e-05,1.0,0.1,data/diagonal/pretrain/seed=0--active_dim=40--c=1e-05--lmda=-1e-05--init_method=complex/model.pt,0.001,1024.0,32.0,1.0,5.0,1.0,data/diagonal/overlap/seed=0--load_model=True--one_task=True--linear_readout=False--n_train2=32--pretrain_overlap=5/,0.001,0.0,1e-10,1.0
40.0,40.0,1e-05,1000000.0,9.781209175940828e-11,1.9204037189483645,complex,1000.0,0.0,-8.5e-06,1.0,0.1,data/diagonal/pretrain/seed=0--active_dim=40--c=1e-05--lmda=-8.5e-06--init_method=complex/model.pt,0.001,1024.0,32.0,1.0,5.0,1.0,data/diagonal/overlap/seed=0--load_model=True--one_task=True--linear_readout=False--n_train2=32--pretrain_overlap=5/,0.001,0.0,1e-10,1.0
40.0,40.0,1e-05,1000000.0,9.904137926453059e-11,1.0941538810729978,complex,1000.0,0.0,0.0,1.0,0.1,data/diagonal/pretrain/seed=0--active_dim=40--c=1e-05--lmda=0--init_method=complex/model.pt,0.001,1024.0,32.0,1.0,20.0,1.0,data/diagonal/overlap/seed=0--load_model=True--one_task=True--linear_readout=False--n_train2=32--pretrain_overlap=20/,0.001,0.0,1e-10,1.0
40.0,40.0,1e-05,1000000.0,9.970779063506183e-11,1.177717924118042,complex,1000.0,0.0,-1e-05,1.0,0.1,data/diagonal/pretrain/seed=0--active_dim=40--c=1e-05--lmda=-1e-05--init_method=complex/model.pt,0.001,1024.0,32.0,1.0,20.0,1.0,data/diagonal/overlap/seed=0--load_model=True--one_task=True--linear_readout=False--n_train2=32--pretrain_overlap=20/,0.001,0.0,1e-10,1.0
40.0,40.0,1e-05,1000000.0,9.839133674471867e-11,1.1551882028579712,complex,1000.0,0.0,-8.5e-06,1.0,0.1,data/diagonal/pretrain/seed=0--active_dim=40--c=1e-05--lmda=-8.5e-06--init_method=complex/model.pt,0.001,1024.0,32.0,1.0,20.0,1.0,data/diagonal/overlap/seed=0--load_model=True--one_task=True--linear_readout=False--n_train2=32--pretrain_overlap=20/,0.001,0.0,1e-10,1.0
40.0,40.0,1e-05,1000000.0,9.841717024672292e-11,1.0406470298767092,complex,1000.0,0.0,0.0,1.0,0.1,data/diagonal/pretrain/seed=0--active_dim=40--c=1e-05--lmda=0--init_method=complex/model.pt,0.001,1024.0,32.0,1.0,30.0,1.0,data/diagonal/overlap/seed=0--load_model=True--one_task=True--linear_readout=False--n_train2=32--pretrain_overlap=30/,0.001,0.0,1e-10,1.0
40.0,40.0,1e-05,1000000.0,9.869063205547588e-11,1.1174849271774292,complex,1000.0,0.0,-1e-05,1.0,0.1,data/diagonal/pretrain/seed=0--active_dim=40--c=1e-05--lmda=-1e-05--init_method=complex/model.pt,0.001,1024.0,32.0,1.0,30.0,1.0,data/diagonal/overlap/seed=0--load_model=True--one_task=True--linear_readout=False--n_train2=32--pretrain_overlap=30/,0.001,0.0,1e-10,1.0
40.0,40.0,1e-05,1000000.0,9.912374393516996e-11,1.0877619981765747,complex,1000.0,0.0,-8.5e-06,1.0,0.1,data/diagonal/pretrain/seed=0--active_dim=40--c=1e-05--lmda=-8.5e-06--init_method=complex/model.pt,0.001,1024.0,32.0,1.0,30.0,1.0,data/diagonal/overlap/seed=0--load_model=True--one_task=True--linear_readout=False--n_train2=32--pretrain_overlap=30/,0.001,0.0,1e-10,1.0
40.0,40.0,1e-05,1000000.0,9.985068327722502e-11,0.3824974000453949,complex,1000.0,0.0,0.0,1.0,0.1,data/diagonal/pretrain/seed=0--active_dim=40--c=1e-05--lmda=0--init_method=complex/model.pt,0.001,1024.0,32.0,1.0,40.0,1.0,data/diagonal/overlap/seed=0--load_model=True--one_task=True--linear_readout=False--n_train2=32--pretrain_overlap=40/,0.001,0.0,1e-10,1.0
40.0,40.0,1e-05,1000000.0,9.96796464813876e-11,0.3822643160820007,complex,1000.0,0.0,-1e-05,1.0,0.1,data/diagonal/pretrain/seed=0--active_dim=40--c=1e-05--lmda=-1e-05--init_method=complex/model.pt,0.001,1024.0,32.0,1.0,40.0,1.0,data/diagonal/overlap/seed=0--load_model=True--one_task=True--linear_readout=False--n_train2=32--pretrain_overlap=40/,0.001,0.0,1e-10,1.0
40.0,40.0,1e-05,1000000.0,1.001539545741892e-10,0.3822759687900543,complex,1000.0,0.0,-8.5e-06,1.0,0.1,data/diagonal/pretrain/seed=0--active_dim=40--c=1e-05--lmda=-8.5e-06--init_method=complex/model.pt,0.001,1024.0,32.0,1.0,40.0,1.0,data/diagonal/overlap/seed=0--load_model=True--one_task=True--linear_readout=False--n_train2=32--pretrain_overlap=40/,0.001,0.0,1e-10,1.0
40.0,40.0,1e-05,1000000.0,9.9029867639544e-11,1.221708059310913,complex,1000.0,0.0,0.0,1.0,0.1,data/diagonal/pretrain/seed=0--active_dim=40--c=1e-05--lmda=0--init_method=complex/model.pt,0.001,1024.0,64.0,1.0,5.0,1.0,data/diagonal/overlap/seed=0--load_model=True--one_task=True--linear_readout=False--n_train2=64--pretrain_overlap=5/,0.001,0.0,1e-10,1.0
40.0,40.0,1e-05,1000000.0,9.915561427487063e-11,1.2987765073776243,complex,1000.0,0.0,-1e-05,1.0,0.1,data/diagonal/pretrain/seed=0--active_dim=40--c=1e-05--lmda=-1e-05--init_method=complex/model.pt,0.001,1024.0,64.0,1.0,5.0,1.0,data/diagonal/overlap/seed=0--load_model=True--one_task=True--linear_readout=False--n_train2=64--pretrain_overlap=5/,0.001,0.0,1e-10,1.0
40.0,40.0,1e-05,1000000.0,9.91369070169057e-11,1.261523723602295,complex,1000.0,0.0,-8.5e-06,1.0,0.1,data/diagonal/pretrain/seed=0--active_dim=40--c=1e-05--lmda=-8.5e-06--init_method=complex/model.pt,0.001,1024.0,64.0,1.0,5.0,1.0,data/diagonal/overlap/seed=0--load_model=True--one_task=True--linear_readout=False--n_train2=64--pretrain_overlap=5/,0.001,0.0,1e-10,1.0
40.0,40.0,1e-05,1000000.0,9.974672476875668e-11,0.6713024377822876,complex,1000.0,0.0,0.0,1.0,0.1,data/diagonal/pretrain/seed=0--active_dim=40--c=1e-05--lmda=0--init_method=complex/model.pt,0.001,1024.0,64.0,1.0,20.0,1.0,data/diagonal/overlap/seed=0--load_model=True--one_task=True--linear_readout=False--n_train2=64--pretrain_overlap=20/,0.001,0.0,1e-10,1.0
40.0,40.0,1e-05,1000000.0,9.957559776729852e-11,0.6914974451065063,complex,1000.0,0.0,-1e-05,1.0,0.1,data/diagonal/pretrain/seed=0--active_dim=40--c=1e-05--lmda=-1e-05--init_method=complex/model.pt,0.001,1024.0,64.0,1.0,20.0,1.0,data/diagonal/overlap/seed=0--load_model=True--one_task=True--linear_readout=False--n_train2=64--pretrain_overlap=20/,0.001,0.0,1e-10,1.0
40.0,40.0,1e-05,1000000.0,9.919059323904024e-11,0.6889051795005798,complex,1000.0,0.0,-8.5e-06,1.0,0.1,data/diagonal/pretrain/seed=0--active_dim=40--c=1e-05--lmda=-8.5e-06--init_method=complex/model.pt,0.001,1024.0,64.0,1.0,20.0,1.0,data/diagonal/overlap/seed=0--load_model=True--one_task=True--linear_readout=False--n_train2=64--pretrain_overlap=20/,0.001,0.0,1e-10,1.0
40.0,40.0,1e-05,1000000.0,9.97508048383722e-11,0.4142407774925232,complex,1000.0,0.0,0.0,1.0,0.1,data/diagonal/pretrain/seed=0--active_dim=40--c=1e-05--lmda=0--init_method=complex/model.pt,0.001,1024.0,64.0,1.0,30.0,1.0,data/diagonal/overlap/seed=0--load_model=True--one_task=True--linear_readout=False--n_train2=64--pretrain_overlap=30/,0.001,0.0,1e-10,1.0
40.0,40.0,1e-05,1000000.0,9.981085402621659e-11,0.4343595802783966,complex,1000.0,0.0,-1e-05,1.0,0.1,data/diagonal/pretrain/seed=0--active_dim=40--c=1e-05--lmda=-1e-05--init_method=complex/model.pt,0.001,1024.0,64.0,1.0,30.0,1.0,data/diagonal/overlap/seed=0--load_model=True--one_task=True--linear_readout=False--n_train2=64--pretrain_overlap=30/,0.001,0.0,1e-10,1.0
40.0,40.0,1e-05,1000000.0,9.920168853039256e-11,0.4190848767757416,complex,1000.0,0.0,-8.5e-06,1.0,0.1,data/diagonal/pretrain/seed=0--active_dim=40--c=1e-05--lmda=-8.5e-06--init_method=complex/model.pt,0.001,1024.0,64.0,1.0,30.0,1.0,data/diagonal/overlap/seed=0--load_model=True--one_task=True--linear_readout=False--n_train2=64--pretrain_overlap=30/,0.001,0.0,1e-10,1.0
40.0,40.0,1e-05,1000000.0,9.990207966437127e-11,0.0001951914018718,complex,1000.0,0.0,0.0,1.0,0.1,data/diagonal/pretrain/seed=0--active_dim=40--c=1e-05--lmda=0--init_method=complex/model.pt,0.001,1024.0,64.0,1.0,40.0,1.0,data/diagonal/overlap/seed=0--load_model=True--one_task=True--linear_readout=False--n_train2=64--pretrain_overlap=40/,0.001,0.0,1e-10,1.0
40.0,40.0,1e-05,1000000.0,9.994392813350572e-11,1.770217568264343e-05,complex,1000.0,0.0,-1e-05,1.0,0.1,data/diagonal/pretrain/seed=0--active_dim=40--c=1e-05--lmda=-1e-05--init_method=complex/model.pt,0.001,1024.0,64.0,1.0,40.0,1.0,data/diagonal/overlap/seed=0--load_model=True--one_task=True--linear_readout=False--n_train2=64--pretrain_overlap=40/,0.001,0.0,1e-10,1.0
40.0,40.0,1e-05,1000000.0,9.990202415322004e-11,3.389210905879736e-05,complex,1000.0,0.0,-8.5e-06,1.0,0.1,data/diagonal/pretrain/seed=0--active_dim=40--c=1e-05--lmda=-8.5e-06--init_method=complex/model.pt,0.001,1024.0,64.0,1.0,40.0,1.0,data/diagonal/overlap/seed=0--load_model=True--one_task=True--linear_readout=False--n_train2=64--pretrain_overlap=40/,0.001,0.0,1e-10,1.0
40.0,40.0,1e-05,1000000.0,9.956688251655516e-11,0.821267306804657,complex,1000.0,0.0,0.0,1.0,0.1,data/diagonal/pretrain/seed=0--active_dim=40--c=1e-05--lmda=0--init_method=complex/model.pt,0.001,1024.0,128.0,1.0,5.0,1.0,data/diagonal/overlap/seed=0--load_model=True--one_task=True--linear_readout=False--n_train2=128--pretrain_overlap=5/,0.001,0.0,1e-10,1.0
40.0,40.0,1e-05,1000000.0,9.970638897849328e-11,0.7992714643478394,complex,1000.0,0.0,-1e-05,1.0,0.1,data/diagonal/pretrain/seed=0--active_dim=40--c=1e-05--lmda=-1e-05--init_method=complex/model.pt,0.001,1024.0,128.0,1.0,5.0,1.0,data/diagonal/overlap/seed=0--load_model=True--one_task=True--linear_readout=False--n_train2=128--pretrain_overlap=5/,0.001,0.0,1e-10,1.0
40.0,40.0,1e-05,1000000.0,9.972025288851327e-11,0.8183815479278564,complex,1000.0,0.0,-8.5e-06,1.0,0.1,data/diagonal/pretrain/seed=0--active_dim=40--c=1e-05--lmda=-8.5e-06--init_method=complex/model.pt,0.001,1024.0,128.0,1.0,5.0,1.0,data/diagonal/overlap/seed=0--load_model=True--one_task=True--linear_readout=False--n_train2=128--pretrain_overlap=5/,0.001,0.0,1e-10,1.0
40.0,40.0,1e-05,1000000.0,9.985343801810488e-11,0.4052428603172302,complex,1000.0,0.0,0.0,1.0,0.1,data/diagonal/pretrain/seed=0--active_dim=40--c=1e-05--lmda=0--init_method=complex/model.pt,0.001,1024.0,128.0,1.0,20.0,1.0,data/diagonal/overlap/seed=0--load_model=True--one_task=True--linear_readout=False--n_train2=128--pretrain_overlap=20/,0.001,0.0,1e-10,1.0
40.0,40.0,1e-05,1000000.0,9.986888399593495e-11,0.4421959519386291,complex,1000.0,0.0,-1e-05,1.0,0.1,data/diagonal/pretrain/seed=0--active_dim=40--c=1e-05--lmda=-1e-05--init_method=complex/model.pt,0.001,1024.0,128.0,1.0,20.0,1.0,data/diagonal/overlap/seed=0--load_model=True--one_task=True--linear_readout=False--n_train2=128--pretrain_overlap=20/,0.001,0.0,1e-10,1.0
40.0,40.0,1e-05,1000000.0,9.994376160005204e-11,0.3975943028926849,complex,1000.0,0.0,-8.5e-06,1.0,0.1,data/diagonal/pretrain/seed=0--active_dim=40--c=1e-05--lmda=-8.5e-06--init_method=complex/model.pt,0.001,1024.0,128.0,1.0,20.0,1.0,data/diagonal/overlap/seed=0--load_model=True--one_task=True--linear_readout=False--n_train2=128--pretrain_overlap=20/,0.001,0.0,1e-10,1.0
40.0,40.0,1e-05,1000000.0,9.99536980961224e-11,0.0422062054276466,complex,1000.0,0.0,0.0,1.0,0.1,data/diagonal/pretrain/seed=0--active_dim=40--c=1e-05--lmda=0--init_method=complex/model.pt,0.001,1024.0,128.0,1.0,30.0,1.0,data/diagonal/overlap/seed=0--load_model=True--one_task=True--linear_readout=False--n_train2=128--pretrain_overlap=30/,0.001,0.0,1e-10,1.0
40.0,40.0,1e-05,1000000.0,9.978891324369243e-11,0.0225637443363666,complex,1000.0,0.0,-1e-05,1.0,0.1,data/diagonal/pretrain/seed=0--active_dim=40--c=1e-05--lmda=-1e-05--init_method=complex/model.pt,0.001,1024.0,128.0,1.0,30.0,1.0,data/diagonal/overlap/seed=0--load_model=True--one_task=True--linear_readout=False--n_train2=128--pretrain_overlap=30/,0.001,0.0,1e-10,1.0
40.0,40.0,1e-05,1000000.0,1.0002430134159468e-10,0.0248352456837892,complex,1000.0,0.0,-8.5e-06,1.0,0.1,data/diagonal/pretrain/seed=0--active_dim=40--c=1e-05--lmda=-8.5e-06--init_method=complex/model.pt,0.001,1024.0,128.0,1.0,30.0,1.0,data/diagonal/overlap/seed=0--load_model=True--one_task=True--linear_readout=False--n_train2=128--pretrain_overlap=30/,0.001,0.0,1e-10,1.0
40.0,40.0,1e-05,1000000.0,9.998443045722284e-11,8.01452642917866e-07,complex,1000.0,0.0,0.0,1.0,0.1,data/diagonal/pretrain/seed=0--active_dim=40--c=1e-05--lmda=0--init_method=complex/model.pt,0.001,1024.0,128.0,1.0,40.0,1.0,data/diagonal/overlap/seed=0--load_model=True--one_task=True--linear_readout=False--n_train2=128--pretrain_overlap=40/,0.001,0.0,1e-10,1.0
40.0,40.0,1e-05,1000000.0,9.999687189399252e-11,5.8202662245321335e-08,complex,1000.0,0.0,-1e-05,1.0,0.1,data/diagonal/pretrain/seed=0--active_dim=40--c=1e-05--lmda=-1e-05--init_method=complex/model.pt,0.001,1024.0,128.0,1.0,40.0,1.0,data/diagonal/overlap/seed=0--load_model=True--one_task=True--linear_readout=False--n_train2=128--pretrain_overlap=40/,0.001,0.0,1e-10,1.0
40.0,40.0,1e-05,1000000.0,9.998039202097075e-11,1.1612187478249325e-07,complex,1000.0,0.0,-8.5e-06,1.0,0.1,data/diagonal/pretrain/seed=0--active_dim=40--c=1e-05--lmda=-8.5e-06--init_method=complex/model.pt,0.001,1024.0,128.0,1.0,40.0,1.0,data/diagonal/overlap/seed=0--load_model=True--one_task=True--linear_readout=False--n_train2=128--pretrain_overlap=40/,0.001,0.0,1e-10,1.0
40.0,40.0,1e-05,1000000.0,9.999677474947788e-11,0.0661411955952644,complex,1000.0,0.0,0.0,1.0,0.1,data/diagonal/pretrain/seed=0--active_dim=40--c=1e-05--lmda=0--init_method=complex/model.pt,0.001,1024.0,256.0,1.0,5.0,1.0,data/diagonal/overlap/seed=0--load_model=True--one_task=True--linear_readout=False--n_train2=256--pretrain_overlap=5/,0.001,0.0,1e-10,1.0
40.0,40.0,1e-05,1000000.0,9.997930261462784e-11,0.0804108306765556,complex,1000.0,0.0,-1e-05,1.0,0.1,data/diagonal/pretrain/seed=0--active_dim=40--c=1e-05--lmda=-1e-05--init_method=complex/model.pt,0.001,1024.0,256.0,1.0,5.0,1.0,data/diagonal/overlap/seed=0--load_model=True--one_task=True--linear_readout=False--n_train2=256--pretrain_overlap=5/,0.001,0.0,1e-10,1.0
40.0,40.0,1e-05,1000000.0,1.0001095090972356e-10,0.0477117262780666,complex,1000.0,0.0,-8.5e-06,1.0,0.1,data/diagonal/pretrain/seed=0--active_dim=40--c=1e-05--lmda=-8.5e-06--init_method=complex/model.pt,0.001,1024.0,256.0,1.0,5.0,1.0,data/diagonal/overlap/seed=0--load_model=True--one_task=True--linear_readout=False--n_train2=256--pretrain_overlap=5/,0.001,0.0,1e-10,1.0
40.0,40.0,1e-05,1000000.0,1.000243776694276e-10,0.0006656771874986,complex,1000.0,0.0,0.0,1.0,0.1,data/diagonal/pretrain/seed=0--active_dim=40--c=1e-05--lmda=0--init_method=complex/model.pt,0.001,1024.0,256.0,1.0,20.0,1.0,data/diagonal/overlap/seed=0--load_model=True--one_task=True--linear_readout=False--n_train2=256--pretrain_overlap=20/,0.001,0.0,1e-10,1.0
40.0,40.0,1e-05,1000000.0,1.0002974837330923e-10,0.0006009840290062,complex,1000.0,0.0,-1e-05,1.0,0.1,data/diagonal/pretrain/seed=0--active_dim=40--c=1e-05--lmda=-1e-05--init_method=complex/model.pt,0.001,1024.0,256.0,1.0,20.0,1.0,data/diagonal/overlap/seed=0--load_model=True--one_task=True--linear_readout=False--n_train2=256--pretrain_overlap=20/,0.001,0.0,1e-10,1.0
40.0,40.0,1e-05,1000000.0,1.0001708489193464e-10,0.0003006785118486,complex,1000.0,0.0,-8.5e-06,1.0,0.1,data/diagonal/pretrain/seed=0--active_dim=40--c=1e-05--lmda=-8.5e-06--init_method=complex/model.pt,0.001,1024.0,256.0,1.0,20.0,1.0,data/diagonal/overlap/seed=0--load_model=True--one_task=True--linear_readout=False--n_train2=256--pretrain_overlap=20/,0.001,0.0,1e-10,1.0
40.0,40.0,1e-05,1000000.0,9.997758870783358e-11,2.4479611965944063e-05,complex,1000.0,0.0,0.0,1.0,0.1,data/diagonal/pretrain/seed=0--active_dim=40--c=1e-05--lmda=0--init_method=complex/model.pt,0.001,1024.0,256.0,1.0,30.0,1.0,data/diagonal/overlap/seed=0--load_model=True--one_task=True--linear_readout=False--n_train2=256--pretrain_overlap=30/,0.001,0.0,1e-10,1.0
40.0,40.0,1e-05,1000000.0,9.998181449422108e-11,3.14777639687236e-06,complex,1000.0,0.0,-1e-05,1.0,0.1,data/diagonal/pretrain/seed=0--active_dim=40--c=1e-05--lmda=-1e-05--init_method=complex/model.pt,0.001,1024.0,256.0,1.0,30.0,1.0,data/diagonal/overlap/seed=0--load_model=True--one_task=True--linear_readout=False--n_train2=256--pretrain_overlap=30/,0.001,0.0,1e-10,1.0
40.0,40.0,1e-05,1000000.0,9.999874539534659e-11,5.746718215959845e-06,complex,1000.0,0.0,-8.5e-06,1.0,0.1,data/diagonal/pretrain/seed=0--active_dim=40--c=1e-05--lmda=-8.5e-06--init_method=complex/model.pt,0.001,1024.0,256.0,1.0,30.0,1.0,data/diagonal/overlap/seed=0--load_model=True--one_task=True--linear_readout=False--n_train2=256--pretrain_overlap=30/,0.001,0.0,1e-10,1.0
40.0,40.0,1e-05,1000000.0,9.997661032379311e-11,1.141081824584944e-07,complex,1000.0,0.0,0.0,1.0,0.1,data/diagonal/pretrain/seed=0--active_dim=40--c=1e-05--lmda=0--init_method=complex/model.pt,0.001,1024.0,256.0,1.0,40.0,1.0,data/diagonal/overlap/seed=0--load_model=True--one_task=True--linear_readout=False--n_train2=256--pretrain_overlap=40/,0.001,0.0,1e-10,1.0
40.0,40.0,1e-05,1000000.0,9.999421429762734e-11,1.0402025019118357e-08,complex,1000.0,0.0,-1e-05,1.0,0.1,data/diagonal/pretrain/seed=0--active_dim=40--c=1e-05--lmda=-1e-05--init_method=complex/model.pt,0.001,1024.0,256.0,1.0,40.0,1.0,data/diagonal/overlap/seed=0--load_model=True--one_task=True--linear_readout=False--n_train2=256--pretrain_overlap=40/,0.001,0.0,1e-10,1.0
40.0,40.0,1e-05,1000000.0,9.999640698810097e-11,1.8959763536940955e-08,complex,1000.0,0.0,0.0,1.0,0.1,data/diagonal/pretrain/seed=0--active_dim=40--c=1e-05--lmda=-8.5e-06--init_method=complex/model.pt,0.001,1024.0,256.0,1.0,40.0,1.0,data/diagonal/overlap/seed=0--load_model=True--one_task=True--linear_readout=False--n_train2=256--pretrain_overlap=40/,0.001,0.0,1e-10,1.0
