active_dim_1,active_dim_2,c,epochs,final_train_mse,final_val_mse,init_method,inp_dim,linear_readout,lmda,load_model,lr,model_path,model_scaling,n_train1,n_train2,one_task,overlap_bool,pretrain_overlap,same_signs,save_path,scaling,seed,threshold,w_scaling
40,5,1e-05,100000,9.418570090513612e-11,1.56836199760437,complex,1000,False,0.0,True,0.1,data/diagonal/pretrain/seed=0--active_dim=40--c=1e-05--lmda=0--init_method=complex/model.pt,0.001,1024,16,True,no,0,True,data/diagonal/sparse_overlap/seed=0--active_dim_2=5--one_task=True--n_train2=16--overlap_bool=no--w_scaling=1.0--same_signs=True--lmda=0--c=1e-05--init_method=complex--load_model=True--linear_readout=False/,0.001,0,1e-10,1.0
40,5,1e-05,100000,9.243526777336084e-11,1.5743216276168823,complex,1000,False,-1e-05,True,0.1,data/diagonal/pretrain/seed=0--active_dim=40--c=1e-05--lmda=-1e-05--init_method=complex/model.pt,0.001,1024,16,True,no,0,True,data/diagonal/sparse_overlap/seed=0--active_dim_2=5--one_task=True--n_train2=16--overlap_bool=no--w_scaling=1.0--same_signs=True--lmda=-1e-05--c=1e-05--init_method=complex--load_model=True--linear_readout=False/,0.001,0,1e-10,1.0
40,5,1e-05,100000,9.32870794501106e-11,1.57341730594635,complex,1000,False,-8.5e-06,True,0.1,data/diagonal/pretrain/seed=0--active_dim=40--c=1e-05--lmda=-8.5e-06--init_method=complex/model.pt,0.001,1024,16,True,no,0,True,data/diagonal/sparse_overlap/seed=0--active_dim_2=5--one_task=True--n_train2=16--overlap_bool=no--w_scaling=1.0--same_signs=True--lmda=-8.5e-06--c=1e-05--init_method=complex--load_model=True--linear_readout=False/,0.001,0,1e-10,1.0
40,5,1e-05,100000,9.784221349784515e-11,2.13487195968628,complex,1000,False,0.0,True,0.1,data/diagonal/pretrain/seed=0--active_dim=40--c=1e-05--lmda=0--init_method=complex/model.pt,0.001,1024,32,True,no,0,True,data/diagonal/sparse_overlap/seed=0--active_dim_2=5--one_task=True--n_train2=32--overlap_bool=no--w_scaling=1.0--same_signs=True--lmda=0--c=1e-05--init_method=complex--load_model=True--linear_readout=False/,0.001,0,1e-10,1.0
40,5,1e-05,100000,9.841942538724168e-11,2.5140039920806885,complex,1000,False,-1e-05,True,0.1,data/diagonal/pretrain/seed=0--active_dim=40--c=1e-05--lmda=-1e-05--init_method=complex/model.pt,0.001,1024,32,True,no,0,True,data/diagonal/sparse_overlap/seed=0--active_dim_2=5--one_task=True--n_train2=32--overlap_bool=no--w_scaling=1.0--same_signs=True--lmda=-1e-05--c=1e-05--init_method=complex--load_model=True--linear_readout=False/,0.001,0,1e-10,1.0
40,5,1e-05,100000,9.665876432585208e-11,2.399842500686645,complex,1000,False,-8.5e-06,True,0.1,data/diagonal/pretrain/seed=0--active_dim=40--c=1e-05--lmda=-8.5e-06--init_method=complex/model.pt,0.001,1024,32,True,no,0,True,data/diagonal/sparse_overlap/seed=0--active_dim_2=5--one_task=True--n_train2=32--overlap_bool=no--w_scaling=1.0--same_signs=True--lmda=-8.5e-06--c=1e-05--init_method=complex--load_model=True--linear_readout=False/,0.001,0,1e-10,1.0
40,5,1e-05,100000,9.921839738691316e-11,0.9608018398284912,complex,1000,False,0.0,True,0.1,data/diagonal/pretrain/seed=0--active_dim=40--c=1e-05--lmda=0--init_method=complex/model.pt,0.001,1024,64,True,no,0,True,data/diagonal/sparse_overlap/seed=0--active_dim_2=5--one_task=True--n_train2=64--overlap_bool=no--w_scaling=1.0--same_signs=True--lmda=0--c=1e-05--init_method=complex--load_model=True--linear_readout=False/,0.001,0,1e-10,1.0
40,5,1e-05,100000,9.952366014642776e-11,1.251945972442627,complex,1000,False,-1e-05,True,0.1,data/diagonal/pretrain/seed=0--active_dim=40--c=1e-05--lmda=-1e-05--init_method=complex/model.pt,0.001,1024,64,True,no,0,True,data/diagonal/sparse_overlap/seed=0--active_dim_2=5--one_task=True--n_train2=64--overlap_bool=no--w_scaling=1.0--same_signs=True--lmda=-1e-05--c=1e-05--init_method=complex--load_model=True--linear_readout=False/,0.001,0,1e-10,1.0
40,5,1e-05,100000,9.950273244241359e-11,1.0696338415145874,complex,1000,False,-8.5e-06,True,0.1,data/diagonal/pretrain/seed=0--active_dim=40--c=1e-05--lmda=-8.5e-06--init_method=complex/model.pt,0.001,1024,64,True,no,0,True,data/diagonal/sparse_overlap/seed=0--active_dim_2=5--one_task=True--n_train2=64--overlap_bool=no--w_scaling=1.0--same_signs=True--lmda=-8.5e-06--c=1e-05--init_method=complex--load_model=True--linear_readout=False/,0.001,0,1e-10,1.0
40,5,1e-05,100000,1.0004477107861119e-10,0.0018800025573,complex,1000,False,0.0,True,0.1,data/diagonal/pretrain/seed=0--active_dim=40--c=1e-05--lmda=0--init_method=complex/model.pt,0.001,1024,128,True,no,0,True,data/diagonal/sparse_overlap/seed=0--active_dim_2=5--one_task=True--n_train2=128--overlap_bool=no--w_scaling=1.0--same_signs=True--lmda=0--c=1e-05--init_method=complex--load_model=True--linear_readout=False/,0.001,0,1e-10,1.0
40,5,1e-05,100000,1.0001290073891056e-10,0.0012299241498112,complex,1000,False,-1e-05,True,0.1,data/diagonal/pretrain/seed=0--active_dim=40--c=1e-05--lmda=-1e-05--init_method=complex/model.pt,0.001,1024,128,True,no,0,True,data/diagonal/sparse_overlap/seed=0--active_dim_2=5--one_task=True--n_train2=128--overlap_bool=no--w_scaling=1.0--same_signs=True--lmda=-1e-05--c=1e-05--init_method=complex--load_model=True--linear_readout=False/,0.001,0,1e-10,1.0
40,5,1e-05,100000,9.997718625198715e-11,0.0008437135838903,complex,1000,False,-8.5e-06,True,0.1,data/diagonal/pretrain/seed=0--active_dim=40--c=1e-05--lmda=-8.5e-06--init_method=complex/model.pt,0.001,1024,128,True,no,0,True,data/diagonal/sparse_overlap/seed=0--active_dim_2=5--one_task=True--n_train2=128--overlap_bool=no--w_scaling=1.0--same_signs=True--lmda=-8.5e-06--c=1e-05--init_method=complex--load_model=True--linear_readout=False/,0.001,0,1e-10,1.0
40,5,1e-05,100000,1.2868513366015575e-08,4.953889856551541e-06,complex,1000,False,0.0,True,0.1,data/diagonal/pretrain/seed=0--active_dim=40--c=1e-05--lmda=0--init_method=complex/model.pt,0.001,1024,256,True,no,0,True,data/diagonal/sparse_overlap/seed=0--active_dim_2=5--one_task=True--n_train2=256--overlap_bool=no--w_scaling=1.0--same_signs=True--lmda=0--c=1e-05--init_method=complex--load_model=True--linear_readout=False/,0.001,0,1e-10,1.0
40,5,1e-05,100000,2.8759242098885813e-08,1.3056474017503206e-06,complex,1000,False,-1e-05,True,0.1,data/diagonal/pretrain/seed=0--active_dim=40--c=1e-05--lmda=-1e-05--init_method=complex/model.pt,0.001,1024,256,True,no,0,True,data/diagonal/sparse_overlap/seed=0--active_dim_2=5--one_task=True--n_train2=256--overlap_bool=no--w_scaling=1.0--same_signs=True--lmda=-1e-05--c=1e-05--init_method=complex--load_model=True--linear_readout=False/,0.001,0,1e-10,1.0
40,5,1e-05,100000,1.928057002942296e-08,1.4342103895614855e-06,complex,1000,False,-8.5e-06,True,0.1,data/diagonal/pretrain/seed=0--active_dim=40--c=1e-05--lmda=-8.5e-06--init_method=complex/model.pt,0.001,1024,256,True,no,0,True,data/diagonal/sparse_overlap/seed=0--active_dim_2=5--one_task=True--n_train2=256--overlap_bool=no--w_scaling=1.0--same_signs=True--lmda=-8.5e-06--c=1e-05--init_method=complex--load_model=True--linear_readout=False/,0.001,0,1e-10,1.0
40,10,1e-05,100000,9.51423800854556e-11,1.2542535066604614,complex,1000,False,0.0,True,0.1,data/diagonal/pretrain/seed=0--active_dim=40--c=1e-05--lmda=0--init_method=complex/model.pt,0.001,1024,16,True,no,0,True,data/diagonal/sparse_overlap/seed=0--active_dim_2=10--one_task=True--n_train2=16--overlap_bool=no--w_scaling=1.0--same_signs=True--lmda=0--c=1e-05--init_method=complex--load_model=True--linear_readout=False/,0.001,0,1e-10,1.0
40,10,1e-05,100000,9.075148271753264e-11,1.2574477195739746,complex,1000,False,-1e-05,True,0.1,data/diagonal/pretrain/seed=0--active_dim=40--c=1e-05--lmda=-1e-05--init_method=complex/model.pt,0.001,1024,16,True,no,0,True,data/diagonal/sparse_overlap/seed=0--active_dim_2=10--one_task=True--n_train2=16--overlap_bool=no--w_scaling=1.0--same_signs=True--lmda=-1e-05--c=1e-05--init_method=complex--load_model=True--linear_readout=False/,0.001,0,1e-10,1.0
40,10,1e-05,100000,9.25999832368518e-11,1.2569624185562134,complex,1000,False,-8.5e-06,True,0.1,data/diagonal/pretrain/seed=0--active_dim=40--c=1e-05--lmda=-8.5e-06--init_method=complex/model.pt,0.001,1024,16,True,no,0,True,data/diagonal/sparse_overlap/seed=0--active_dim_2=10--one_task=True--n_train2=16--overlap_bool=no--w_scaling=1.0--same_signs=True--lmda=-8.5e-06--c=1e-05--init_method=complex--load_model=True--linear_readout=False/,0.001,0,1e-10,1.0
40,10,1e-05,100000,9.793708899419328e-11,1.713727593421936,complex,1000,False,0.0,True,0.1,data/diagonal/pretrain/seed=0--active_dim=40--c=1e-05--lmda=0--init_method=complex/model.pt,0.001,1024,32,True,no,0,True,data/diagonal/sparse_overlap/seed=0--active_dim_2=10--one_task=True--n_train2=32--overlap_bool=no--w_scaling=1.0--same_signs=True--lmda=0--c=1e-05--init_method=complex--load_model=True--linear_readout=False/,0.001,0,1e-10,1.0
40,10,1e-05,100000,9.7387660435988e-11,1.865297079086304,complex,1000,False,-1e-05,True,0.1,data/diagonal/pretrain/seed=0--active_dim=40--c=1e-05--lmda=-1e-05--init_method=complex/model.pt,0.001,1024,32,True,no,0,True,data/diagonal/sparse_overlap/seed=0--active_dim_2=10--one_task=True--n_train2=32--overlap_bool=no--w_scaling=1.0--same_signs=True--lmda=-1e-05--c=1e-05--init_method=complex--load_model=True--linear_readout=False/,0.001,0,1e-10,1.0
40,10,1e-05,100000,9.805549427976956e-11,1.8240786790847776,complex,1000,False,-8.5e-06,True,0.1,data/diagonal/pretrain/seed=0--active_dim=40--c=1e-05--lmda=-8.5e-06--init_method=complex/model.pt,0.001,1024,32,True,no,0,True,data/diagonal/sparse_overlap/seed=0--active_dim_2=10--one_task=True--n_train2=32--overlap_bool=no--w_scaling=1.0--same_signs=True--lmda=-8.5e-06--c=1e-05--init_method=complex--load_model=True--linear_readout=False/,0.001,0,1e-10,1.0
40,10,1e-05,100000,9.929920774531807e-11,1.3696883916854858,complex,1000,False,0.0,True,0.1,data/diagonal/pretrain/seed=0--active_dim=40--c=1e-05--lmda=0--init_method=complex/model.pt,0.001,1024,64,True,no,0,True,data/diagonal/sparse_overlap/seed=0--active_dim_2=10--one_task=True--n_train2=64--overlap_bool=no--w_scaling=1.0--same_signs=True--lmda=0--c=1e-05--init_method=complex--load_model=True--linear_readout=False/,0.001,0,1e-10,1.0
40,10,1e-05,100000,9.9109588591606e-11,1.5288985967636108,complex,1000,False,-1e-05,True,0.1,data/diagonal/pretrain/seed=0--active_dim=40--c=1e-05--lmda=-1e-05--init_method=complex/model.pt,0.001,1024,64,True,no,0,True,data/diagonal/sparse_overlap/seed=0--active_dim_2=10--one_task=True--n_train2=64--overlap_bool=no--w_scaling=1.0--same_signs=True--lmda=-1e-05--c=1e-05--init_method=complex--load_model=True--linear_readout=False/,0.001,0,1e-10,1.0
40,10,1e-05,100000,9.936311495817307e-11,1.453065276145935,complex,1000,False,-8.5e-06,True,0.1,data/diagonal/pretrain/seed=0--active_dim=40--c=1e-05--lmda=-8.5e-06--init_method=complex/model.pt,0.001,1024,64,True,no,0,True,data/diagonal/sparse_overlap/seed=0--active_dim_2=10--one_task=True--n_train2=64--overlap_bool=no--w_scaling=1.0--same_signs=True--lmda=-8.5e-06--c=1e-05--init_method=complex--load_model=True--linear_readout=False/,0.001,0,1e-10,1.0
40,10,1e-05,100000,9.979606030441346e-11,0.1955733150243759,complex,1000,False,0.0,True,0.1,data/diagonal/pretrain/seed=0--active_dim=40--c=1e-05--lmda=0--init_method=complex/model.pt,0.001,1024,128,True,no,0,True,data/diagonal/sparse_overlap/seed=0--active_dim_2=10--one_task=True--n_train2=128--overlap_bool=no--w_scaling=1.0--same_signs=True--lmda=0--c=1e-05--init_method=complex--load_model=True--linear_readout=False/,0.001,0,1e-10,1.0
40,10,1e-05,100000,9.984376520000282e-11,0.2483772188425064,complex,1000,False,-1e-05,True,0.1,data/diagonal/pretrain/seed=0--active_dim=40--c=1e-05--lmda=-1e-05--init_method=complex/model.pt,0.001,1024,128,True,no,0,True,data/diagonal/sparse_overlap/seed=0--active_dim_2=10--one_task=True--n_train2=128--overlap_bool=no--w_scaling=1.0--same_signs=True--lmda=-1e-05--c=1e-05--init_method=complex--load_model=True--linear_readout=False/,0.001,0,1e-10,1.0
40,10,1e-05,100000,9.993944560804376e-11,0.1802137196063995,complex,1000,False,-8.5e-06,True,0.1,data/diagonal/pretrain/seed=0--active_dim=40--c=1e-05--lmda=-8.5e-06--init_method=complex/model.pt,0.001,1024,128,True,no,0,True,data/diagonal/sparse_overlap/seed=0--active_dim_2=10--one_task=True--n_train2=128--overlap_bool=no--w_scaling=1.0--same_signs=True--lmda=-8.5e-06--c=1e-05--init_method=complex--load_model=True--linear_readout=False/,0.001,0,1e-10,1.0
40,10,1e-05,100000,9.1566150217659e-09,7.411875412799418e-05,complex,1000,False,0.0,True,0.1,data/diagonal/pretrain/seed=0--active_dim=40--c=1e-05--lmda=0--init_method=complex/model.pt,0.001,1024,256,True,no,0,True,data/diagonal/sparse_overlap/seed=0--active_dim_2=10--one_task=True--n_train2=256--overlap_bool=no--w_scaling=1.0--same_signs=True--lmda=0--c=1e-05--init_method=complex--load_model=True--linear_readout=False/,0.001,0,1e-10,1.0
40,10,1e-05,100000,4.930802433023018e-08,1.6881840565474704e-05,complex,1000,False,-1e-05,True,0.1,data/diagonal/pretrain/seed=0--active_dim=40--c=1e-05--lmda=-1e-05--init_method=complex/model.pt,0.001,1024,256,True,no,0,True,data/diagonal/sparse_overlap/seed=0--active_dim_2=10--one_task=True--n_train2=256--overlap_bool=no--w_scaling=1.0--same_signs=True--lmda=-1e-05--c=1e-05--init_method=complex--load_model=True--linear_readout=False/,0.001,0,1e-10,1.0
40,10,1e-05,100000,3.0523576555197e-08,2.346077053516637e-05,complex,1000,False,-8.5e-06,True,0.1,data/diagonal/pretrain/seed=0--active_dim=40--c=1e-05--lmda=-8.5e-06--init_method=complex/model.pt,0.001,1024,256,True,no,0,True,data/diagonal/sparse_overlap/seed=0--active_dim_2=10--one_task=True--n_train2=256--overlap_bool=no--w_scaling=1.0--same_signs=True--lmda=-8.5e-06--c=1e-05--init_method=complex--load_model=True--linear_readout=False/,0.001,0,1e-10,1.0
40,20,1e-05,100000,9.018530366944332e-11,1.3470538854599,complex,1000,False,0.0,True,0.1,data/diagonal/pretrain/seed=0--active_dim=40--c=1e-05--lmda=0--init_method=complex/model.pt,0.001,1024,16,True,no,0,True,data/diagonal/sparse_overlap/seed=0--active_dim_2=20--one_task=True--n_train2=16--overlap_bool=no--w_scaling=1.0--same_signs=True--lmda=0--c=1e-05--init_method=complex--load_model=True--linear_readout=False/,0.001,0,1e-10,1.0
40,20,1e-05,100000,9.159362157618034e-11,1.350918173789978,complex,1000,False,-1e-05,True,0.1,data/diagonal/pretrain/seed=0--active_dim=40--c=1e-05--lmda=-1e-05--init_method=complex/model.pt,0.001,1024,16,True,no,0,True,data/diagonal/sparse_overlap/seed=0--active_dim_2=20--one_task=True--n_train2=16--overlap_bool=no--w_scaling=1.0--same_signs=True--lmda=-1e-05--c=1e-05--init_method=complex--load_model=True--linear_readout=False/,0.001,0,1e-10,1.0
40,20,1e-05,100000,8.994307382215183e-11,1.3503316640853882,complex,1000,False,-8.5e-06,True,0.1,data/diagonal/pretrain/seed=0--active_dim=40--c=1e-05--lmda=-8.5e-06--init_method=complex/model.pt,0.001,1024,16,True,no,0,True,data/diagonal/sparse_overlap/seed=0--active_dim_2=20--one_task=True--n_train2=16--overlap_bool=no--w_scaling=1.0--same_signs=True--lmda=-8.5e-06--c=1e-05--init_method=complex--load_model=True--linear_readout=False/,0.001,0,1e-10,1.0
40,20,1e-05,100000,9.845373127870259e-11,1.7571210861206057,complex,1000,False,0.0,True,0.1,data/diagonal/pretrain/seed=0--active_dim=40--c=1e-05--lmda=0--init_method=complex/model.pt,0.001,1024,32,True,no,0,True,data/diagonal/sparse_overlap/seed=0--active_dim_2=20--one_task=True--n_train2=32--overlap_bool=no--w_scaling=1.0--same_signs=True--lmda=0--c=1e-05--init_method=complex--load_model=True--linear_readout=False/,0.001,0,1e-10,1.0
40,20,1e-05,100000,9.92390197795956e-11,1.9836211204528809,complex,1000,False,-1e-05,True,0.1,data/diagonal/pretrain/seed=0--active_dim=40--c=1e-05--lmda=-1e-05--init_method=complex/model.pt,0.001,1024,32,True,no,0,True,data/diagonal/sparse_overlap/seed=0--active_dim_2=20--one_task=True--n_train2=32--overlap_bool=no--w_scaling=1.0--same_signs=True--lmda=-1e-05--c=1e-05--init_method=complex--load_model=True--linear_readout=False/,0.001,0,1e-10,1.0
40,20,1e-05,100000,9.889915275618222e-11,1.9174177646636963,complex,1000,False,-8.5e-06,True,0.1,data/diagonal/pretrain/seed=0--active_dim=40--c=1e-05--lmda=-8.5e-06--init_method=complex/model.pt,0.001,1024,32,True,no,0,True,data/diagonal/sparse_overlap/seed=0--active_dim_2=20--one_task=True--n_train2=32--overlap_bool=no--w_scaling=1.0--same_signs=True--lmda=-8.5e-06--c=1e-05--init_method=complex--load_model=True--linear_readout=False/,0.001,0,1e-10,1.0
40,20,1e-05,100000,9.896251873531267e-11,1.3042585849761963,complex,1000,False,0.0,True,0.1,data/diagonal/pretrain/seed=0--active_dim=40--c=1e-05--lmda=0--init_method=complex/model.pt,0.001,1024,64,True,no,0,True,data/diagonal/sparse_overlap/seed=0--active_dim_2=20--one_task=True--n_train2=64--overlap_bool=no--w_scaling=1.0--same_signs=True--lmda=0--c=1e-05--init_method=complex--load_model=True--linear_readout=False/,0.001,0,1e-10,1.0
40,20,1e-05,100000,9.953834978482232e-11,1.3878376483917236,complex,1000,False,-1e-05,True,0.1,data/diagonal/pretrain/seed=0--active_dim=40--c=1e-05--lmda=-1e-05--init_method=complex/model.pt,0.001,1024,64,True,no,0,True,data/diagonal/sparse_overlap/seed=0--active_dim_2=20--one_task=True--n_train2=64--overlap_bool=no--w_scaling=1.0--same_signs=True--lmda=-1e-05--c=1e-05--init_method=complex--load_model=True--linear_readout=False/,0.001,0,1e-10,1.0
40,20,1e-05,100000,9.905620768080324e-11,1.347399115562439,complex,1000,False,-8.5e-06,True,0.1,data/diagonal/pretrain/seed=0--active_dim=40--c=1e-05--lmda=-8.5e-06--init_method=complex/model.pt,0.001,1024,64,True,no,0,True,data/diagonal/sparse_overlap/seed=0--active_dim_2=20--one_task=True--n_train2=64--overlap_bool=no--w_scaling=1.0--same_signs=True--lmda=-8.5e-06--c=1e-05--init_method=complex--load_model=True--linear_readout=False/,0.001,0,1e-10,1.0
40,20,1e-05,100000,9.984414683916754e-11,0.8611581325531006,complex,1000,False,0.0,True,0.1,data/diagonal/pretrain/seed=0--active_dim=40--c=1e-05--lmda=0--init_method=complex/model.pt,0.001,1024,128,True,no,0,True,data/diagonal/sparse_overlap/seed=0--active_dim_2=20--one_task=True--n_train2=128--overlap_bool=no--w_scaling=1.0--same_signs=True--lmda=0--c=1e-05--init_method=complex--load_model=True--linear_readout=False/,0.001,0,1e-10,1.0
40,20,1e-05,100000,9.981140913772888e-11,1.0286401510238647,complex,1000,False,-1e-05,True,0.1,data/diagonal/pretrain/seed=0--active_dim=40--c=1e-05--lmda=-1e-05--init_method=complex/model.pt,0.001,1024,128,True,no,0,True,data/diagonal/sparse_overlap/seed=0--active_dim_2=20--one_task=True--n_train2=128--overlap_bool=no--w_scaling=1.0--same_signs=True--lmda=-1e-05--c=1e-05--init_method=complex--load_model=True--linear_readout=False/,0.001,0,1e-10,1.0
40,20,1e-05,100000,9.98195900936416e-11,0.9125816226005554,complex,1000,False,-8.5e-06,True,0.1,data/diagonal/pretrain/seed=0--active_dim=40--c=1e-05--lmda=-8.5e-06--init_method=complex/model.pt,0.001,1024,128,True,no,0,True,data/diagonal/sparse_overlap/seed=0--active_dim_2=20--one_task=True--n_train2=128--overlap_bool=no--w_scaling=1.0--same_signs=True--lmda=-8.5e-06--c=1e-05--init_method=complex--load_model=True--linear_readout=False/,0.001,0,1e-10,1.0
40,20,1e-05,100000,1.0702323749445242e-10,0.0013482253998517,complex,1000,False,0.0,True,0.1,data/diagonal/pretrain/seed=0--active_dim=40--c=1e-05--lmda=0--init_method=complex/model.pt,0.001,1024,256,True,no,0,True,data/diagonal/sparse_overlap/seed=0--active_dim_2=20--one_task=True--n_train2=256--overlap_bool=no--w_scaling=1.0--same_signs=True--lmda=0--c=1e-05--init_method=complex--load_model=True--linear_readout=False/,0.001,0,1e-10,1.0
40,20,1e-05,100000,1.2240926494655469e-08,0.0003287978179287,complex,1000,False,-1e-05,True,0.1,data/diagonal/pretrain/seed=0--active_dim=40--c=1e-05--lmda=-1e-05--init_method=complex/model.pt,0.001,1024,256,True,no,0,True,data/diagonal/sparse_overlap/seed=0--active_dim_2=20--one_task=True--n_train2=256--overlap_bool=no--w_scaling=1.0--same_signs=True--lmda=-1e-05--c=1e-05--init_method=complex--load_model=True--linear_readout=False/,0.001,0,1e-10,1.0
40,20,1e-05,100000,3.104843049328565e-09,0.0004926117253489,complex,1000,False,-8.5e-06,True,0.1,data/diagonal/pretrain/seed=0--active_dim=40--c=1e-05--lmda=-8.5e-06--init_method=complex/model.pt,0.001,1024,256,True,no,0,True,data/diagonal/sparse_overlap/seed=0--active_dim_2=20--one_task=True--n_train2=256--overlap_bool=no--w_scaling=1.0--same_signs=True--lmda=-8.5e-06--c=1e-05--init_method=complex--load_model=True--linear_readout=False/,0.001,0,1e-10,1.0
40,30,1e-05,100000,9.23655180118388e-11,1.422664761543274,complex,1000,False,0.0,True,0.1,data/diagonal/pretrain/seed=0--active_dim=40--c=1e-05--lmda=0--init_method=complex/model.pt,0.001,1024,16,True,no,0,True,data/diagonal/sparse_overlap/seed=0--active_dim_2=30--one_task=True--n_train2=16--overlap_bool=no--w_scaling=1.0--same_signs=True--lmda=0--c=1e-05--init_method=complex--load_model=True--linear_readout=False/,0.001,0,1e-10,1.0
40,30,1e-05,100000,9.140069257007608e-11,1.4291250705718994,complex,1000,False,-1e-05,True,0.1,data/diagonal/pretrain/seed=0--active_dim=40--c=1e-05--lmda=-1e-05--init_method=complex/model.pt,0.001,1024,16,True,no,0,True,data/diagonal/sparse_overlap/seed=0--active_dim_2=30--one_task=True--n_train2=16--overlap_bool=no--w_scaling=1.0--same_signs=True--lmda=-1e-05--c=1e-05--init_method=complex--load_model=True--linear_readout=False/,0.001,0,1e-10,1.0
40,30,1e-05,100000,8.880799567956288e-11,1.42814040184021,complex,1000,False,-8.5e-06,True,0.1,data/diagonal/pretrain/seed=0--active_dim=40--c=1e-05--lmda=-8.5e-06--init_method=complex/model.pt,0.001,1024,16,True,no,0,True,data/diagonal/sparse_overlap/seed=0--active_dim_2=30--one_task=True--n_train2=16--overlap_bool=no--w_scaling=1.0--same_signs=True--lmda=-8.5e-06--c=1e-05--init_method=complex--load_model=True--linear_readout=False/,0.001,0,1e-10,1.0
40,30,1e-05,100000,9.824794450219444e-11,1.8696438074111936,complex,1000,False,0.0,True,0.1,data/diagonal/pretrain/seed=0--active_dim=40--c=1e-05--lmda=0--init_method=complex/model.pt,0.001,1024,32,True,no,0,True,data/diagonal/sparse_overlap/seed=0--active_dim_2=30--one_task=True--n_train2=32--overlap_bool=no--w_scaling=1.0--same_signs=True--lmda=0--c=1e-05--init_method=complex--load_model=True--linear_readout=False/,0.001,0,1e-10,1.0
40,30,1e-05,100000,9.857914484712179e-11,2.08239483833313,complex,1000,False,-1e-05,True,0.1,data/diagonal/pretrain/seed=0--active_dim=40--c=1e-05--lmda=-1e-05--init_method=complex/model.pt,0.001,1024,32,True,no,0,True,data/diagonal/sparse_overlap/seed=0--active_dim_2=30--one_task=True--n_train2=32--overlap_bool=no--w_scaling=1.0--same_signs=True--lmda=-1e-05--c=1e-05--init_method=complex--load_model=True--linear_readout=False/,0.001,0,1e-10,1.0
40,30,1e-05,100000,9.761127323093531e-11,2.024777173995972,complex,1000,False,-8.5e-06,True,0.1,data/diagonal/pretrain/seed=0--active_dim=40--c=1e-05--lmda=-8.5e-06--init_method=complex/model.pt,0.001,1024,32,True,no,0,True,data/diagonal/sparse_overlap/seed=0--active_dim_2=30--one_task=True--n_train2=32--overlap_bool=no--w_scaling=1.0--same_signs=True--lmda=-8.5e-06--c=1e-05--init_method=complex--load_model=True--linear_readout=False/,0.001,0,1e-10,1.0
40,30,1e-05,100000,9.898885183767804e-11,1.404009222984314,complex,1000,False,0.0,True,0.1,data/diagonal/pretrain/seed=0--active_dim=40--c=1e-05--lmda=0--init_method=complex/model.pt,0.001,1024,64,True,no,0,True,data/diagonal/sparse_overlap/seed=0--active_dim_2=30--one_task=True--n_train2=64--overlap_bool=no--w_scaling=1.0--same_signs=True--lmda=0--c=1e-05--init_method=complex--load_model=True--linear_readout=False/,0.001,0,1e-10,1.0
40,30,1e-05,100000,9.941925754874956e-11,1.5493074655532837,complex,1000,False,-1e-05,True,0.1,data/diagonal/pretrain/seed=0--active_dim=40--c=1e-05--lmda=-1e-05--init_method=complex/model.pt,0.001,1024,64,True,no,0,True,data/diagonal/sparse_overlap/seed=0--active_dim_2=30--one_task=True--n_train2=64--overlap_bool=no--w_scaling=1.0--same_signs=True--lmda=-1e-05--c=1e-05--init_method=complex--load_model=True--linear_readout=False/,0.001,0,1e-10,1.0
40,30,1e-05,100000,9.916003435028742e-11,1.472835898399353,complex,1000,False,-8.5e-06,True,0.1,data/diagonal/pretrain/seed=0--active_dim=40--c=1e-05--lmda=-8.5e-06--init_method=complex/model.pt,0.001,1024,64,True,no,0,True,data/diagonal/sparse_overlap/seed=0--active_dim_2=30--one_task=True--n_train2=64--overlap_bool=no--w_scaling=1.0--same_signs=True--lmda=-8.5e-06--c=1e-05--init_method=complex--load_model=True--linear_readout=False/,0.001,0,1e-10,1.0
40,30,1e-05,100000,9.94714935420582e-11,0.9761002659797668,complex,1000,False,0.0,True,0.1,data/diagonal/pretrain/seed=0--active_dim=40--c=1e-05--lmda=0--init_method=complex/model.pt,0.001,1024,128,True,no,0,True,data/diagonal/sparse_overlap/seed=0--active_dim_2=30--one_task=True--n_train2=128--overlap_bool=no--w_scaling=1.0--same_signs=True--lmda=0--c=1e-05--init_method=complex--load_model=True--linear_readout=False/,0.001,0,1e-10,1.0
40,30,1e-05,100000,9.983509158262294e-11,1.0228986740112305,complex,1000,False,-1e-05,True,0.1,data/diagonal/pretrain/seed=0--active_dim=40--c=1e-05--lmda=-1e-05--init_method=complex/model.pt,0.001,1024,128,True,no,0,True,data/diagonal/sparse_overlap/seed=0--active_dim_2=30--one_task=True--n_train2=128--overlap_bool=no--w_scaling=1.0--same_signs=True--lmda=-1e-05--c=1e-05--init_method=complex--load_model=True--linear_readout=False/,0.001,0,1e-10,1.0
40,30,1e-05,100000,9.960252067564568e-11,0.9960689544677734,complex,1000,False,-8.5e-06,True,0.1,data/diagonal/pretrain/seed=0--active_dim=40--c=1e-05--lmda=-8.5e-06--init_method=complex/model.pt,0.001,1024,128,True,no,0,True,data/diagonal/sparse_overlap/seed=0--active_dim_2=30--one_task=True--n_train2=128--overlap_bool=no--w_scaling=1.0--same_signs=True--lmda=-8.5e-06--c=1e-05--init_method=complex--load_model=True--linear_readout=False/,0.001,0,1e-10,1.0
40,30,1e-05,100000,9.99763813402943e-11,0.0138096297159791,complex,1000,False,0.0,True,0.1,data/diagonal/pretrain/seed=0--active_dim=40--c=1e-05--lmda=0--init_method=complex/model.pt,0.001,1024,256,True,no,0,True,data/diagonal/sparse_overlap/seed=0--active_dim_2=30--one_task=True--n_train2=256--overlap_bool=no--w_scaling=1.0--same_signs=True--lmda=0--c=1e-05--init_method=complex--load_model=True--linear_readout=False/,0.001,0,1e-10,1.0
40,30,1e-05,100000,1.2418974182359932e-10,0.0067460471764206,complex,1000,False,-1e-05,True,0.1,data/diagonal/pretrain/seed=0--active_dim=40--c=1e-05--lmda=-1e-05--init_method=complex/model.pt,0.001,1024,256,True,no,0,True,data/diagonal/sparse_overlap/seed=0--active_dim_2=30--one_task=True--n_train2=256--overlap_bool=no--w_scaling=1.0--same_signs=True--lmda=-1e-05--c=1e-05--init_method=complex--load_model=True--linear_readout=False/,0.001,0,1e-10,1.0
40,30,1e-05,100000,9.994689104120268e-11,0.0078717097640037,complex,1000,False,-8.5e-06,True,0.1,data/diagonal/pretrain/seed=0--active_dim=40--c=1e-05--lmda=-8.5e-06--init_method=complex/model.pt,0.001,1024,256,True,no,0,True,data/diagonal/sparse_overlap/seed=0--active_dim_2=30--one_task=True--n_train2=256--overlap_bool=no--w_scaling=1.0--same_signs=True--lmda=-8.5e-06--c=1e-05--init_method=complex--load_model=True--linear_readout=False/,0.001,0,1e-10,1.0
40,40,1e-05,100000,9.33738919517424e-11,1.345211386680603,complex,1000,False,0.0,True,0.1,data/diagonal/pretrain/seed=0--active_dim=40--c=1e-05--lmda=0--init_method=complex/model.pt,0.001,1024,16,True,no,0,True,data/diagonal/sparse_overlap/seed=0--active_dim_2=40--one_task=True--n_train2=16--overlap_bool=no--w_scaling=1.0--same_signs=True--lmda=0--c=1e-05--init_method=complex--load_model=True--linear_readout=False/,0.001,0,1e-10,1.0
40,40,1e-05,100000,9.116121746366446e-11,1.3504432439804075,complex,1000,False,-1e-05,True,0.1,data/diagonal/pretrain/seed=0--active_dim=40--c=1e-05--lmda=-1e-05--init_method=complex/model.pt,0.001,1024,16,True,no,0,True,data/diagonal/sparse_overlap/seed=0--active_dim_2=40--one_task=True--n_train2=16--overlap_bool=no--w_scaling=1.0--same_signs=True--lmda=-1e-05--c=1e-05--init_method=complex--load_model=True--linear_readout=False/,0.001,0,1e-10,1.0
40,40,1e-05,100000,9.267760170406092e-11,1.349644660949707,complex,1000,False,-8.5e-06,True,0.1,data/diagonal/pretrain/seed=0--active_dim=40--c=1e-05--lmda=-8.5e-06--init_method=complex/model.pt,0.001,1024,16,True,no,0,True,data/diagonal/sparse_overlap/seed=0--active_dim_2=40--one_task=True--n_train2=16--overlap_bool=no--w_scaling=1.0--same_signs=True--lmda=-8.5e-06--c=1e-05--init_method=complex--load_model=True--linear_readout=False/,0.001,0,1e-10,1.0
40,40,1e-05,100000,9.831178926500428e-11,1.7965916395187378,complex,1000,False,0.0,True,0.1,data/diagonal/pretrain/seed=0--active_dim=40--c=1e-05--lmda=0--init_method=complex/model.pt,0.001,1024,32,True,no,0,True,data/diagonal/sparse_overlap/seed=0--active_dim_2=40--one_task=True--n_train2=32--overlap_bool=no--w_scaling=1.0--same_signs=True--lmda=0--c=1e-05--init_method=complex--load_model=True--linear_readout=False/,0.001,0,1e-10,1.0
40,40,1e-05,100000,9.910363502063646e-11,1.977193713188172,complex,1000,False,-1e-05,True,0.1,data/diagonal/pretrain/seed=0--active_dim=40--c=1e-05--lmda=-1e-05--init_method=complex/model.pt,0.001,1024,32,True,no,0,True,data/diagonal/sparse_overlap/seed=0--active_dim_2=40--one_task=True--n_train2=32--overlap_bool=no--w_scaling=1.0--same_signs=True--lmda=-1e-05--c=1e-05--init_method=complex--load_model=True--linear_readout=False/,0.001,0,1e-10,1.0
40,40,1e-05,100000,9.835658676404788e-11,1.9297949075698853,complex,1000,False,-8.5e-06,True,0.1,data/diagonal/pretrain/seed=0--active_dim=40--c=1e-05--lmda=-8.5e-06--init_method=complex/model.pt,0.001,1024,32,True,no,0,True,data/diagonal/sparse_overlap/seed=0--active_dim_2=40--one_task=True--n_train2=32--overlap_bool=no--w_scaling=1.0--same_signs=True--lmda=-8.5e-06--c=1e-05--init_method=complex--load_model=True--linear_readout=False/,0.001,0,1e-10,1.0
40,40,1e-05,100000,9.86593862162266e-11,1.500349760055542,complex,1000,False,0.0,True,0.1,data/diagonal/pretrain/seed=0--active_dim=40--c=1e-05--lmda=0--init_method=complex/model.pt,0.001,1024,64,True,no,0,True,data/diagonal/sparse_overlap/seed=0--active_dim_2=40--one_task=True--n_train2=64--overlap_bool=no--w_scaling=1.0--same_signs=True--lmda=0--c=1e-05--init_method=complex--load_model=True--linear_readout=False/,0.001,0,1e-10,1.0
40,40,1e-05,100000,9.944080281432122e-11,1.6857726573944092,complex,1000,False,-1e-05,True,0.1,data/diagonal/pretrain/seed=0--active_dim=40--c=1e-05--lmda=-1e-05--init_method=complex/model.pt,0.001,1024,64,True,no,0,True,data/diagonal/sparse_overlap/seed=0--active_dim_2=40--one_task=True--n_train2=64--overlap_bool=no--w_scaling=1.0--same_signs=True--lmda=-1e-05--c=1e-05--init_method=complex--load_model=True--linear_readout=False/,0.001,0,1e-10,1.0
40,40,1e-05,100000,9.92677884337212e-11,1.6001211404800415,complex,1000,False,-8.5e-06,True,0.1,data/diagonal/pretrain/seed=0--active_dim=40--c=1e-05--lmda=-8.5e-06--init_method=complex/model.pt,0.001,1024,64,True,no,0,True,data/diagonal/sparse_overlap/seed=0--active_dim_2=40--one_task=True--n_train2=64--overlap_bool=no--w_scaling=1.0--same_signs=True--lmda=-8.5e-06--c=1e-05--init_method=complex--load_model=True--linear_readout=False/,0.001,0,1e-10,1.0
40,40,1e-05,100000,9.994258198808835e-11,1.16975736618042,complex,1000,False,0.0,True,0.1,data/diagonal/pretrain/seed=0--active_dim=40--c=1e-05--lmda=0--init_method=complex/model.pt,0.001,1024,128,True,no,0,True,data/diagonal/sparse_overlap/seed=0--active_dim_2=40--one_task=True--n_train2=128--overlap_bool=no--w_scaling=1.0--same_signs=True--lmda=0--c=1e-05--init_method=complex--load_model=True--linear_readout=False/,0.001,0,1e-10,1.0
40,40,1e-05,100000,9.997859484744963e-11,1.2710036039352417,complex,1000,False,-1e-05,True,0.1,data/diagonal/pretrain/seed=0--active_dim=40--c=1e-05--lmda=-1e-05--init_method=complex/model.pt,0.001,1024,128,True,no,0,True,data/diagonal/sparse_overlap/seed=0--active_dim_2=40--one_task=True--n_train2=128--overlap_bool=no--w_scaling=1.0--same_signs=True--lmda=-1e-05--c=1e-05--init_method=complex--load_model=True--linear_readout=False/,0.001,0,1e-10,1.0
40,40,1e-05,100000,9.970859554675472e-11,1.2197980880737305,complex,1000,False,-8.5e-06,True,0.1,data/diagonal/pretrain/seed=0--active_dim=40--c=1e-05--lmda=-8.5e-06--init_method=complex/model.pt,0.001,1024,128,True,no,0,True,data/diagonal/sparse_overlap/seed=0--active_dim_2=40--one_task=True--n_train2=128--overlap_bool=no--w_scaling=1.0--same_signs=True--lmda=-8.5e-06--c=1e-05--init_method=complex--load_model=True--linear_readout=False/,0.001,0,1e-10,1.0
40,40,1e-05,100000,9.999932826243452e-11,0.1004227921366691,complex,1000,False,0.0,True,0.1,data/diagonal/pretrain/seed=0--active_dim=40--c=1e-05--lmda=0--init_method=complex/model.pt,0.001,1024,256,True,no,0,True,data/diagonal/sparse_overlap/seed=0--active_dim_2=40--one_task=True--n_train2=256--overlap_bool=no--w_scaling=1.0--same_signs=True--lmda=0--c=1e-05--init_method=complex--load_model=True--linear_readout=False/,0.001,0,1e-10,1.0
40,40,1e-05,100000,9.989643834362738e-11,0.0749042406678199,complex,1000,False,-1e-05,True,0.1,data/diagonal/pretrain/seed=0--active_dim=40--c=1e-05--lmda=-1e-05--init_method=complex/model.pt,0.001,1024,256,True,no,0,True,data/diagonal/sparse_overlap/seed=0--active_dim_2=40--one_task=True--n_train2=256--overlap_bool=no--w_scaling=1.0--same_signs=True--lmda=-1e-05--c=1e-05--init_method=complex--load_model=True--linear_readout=False/,0.001,0,1e-10,1.0
40,40,1e-05,100000,9.997640909586991e-11,0.07886248826980591,complex,1000,False,-8.5e-06,True,0.1,data/diagonal/pretrain/seed=0--active_dim=40--c=1e-05--lmda=-8.5e-06--init_method=complex/model.pt,0.001,1024,256,True,no,0,True,data/diagonal/sparse_overlap/seed=0--active_dim_2=40--one_task=True--n_train2=256--overlap_bool=no--w_scaling=1.0--same_signs=True--lmda=-8.5e-06--c=1e-05--init_method=complex--load_model=True--linear_readout=False/,0.001,0,1e-10,1.0
