curve,sigma0_pt,alpha,mse
oracle,0.0,0.01,0.9195374170791875
oracle,0.0,0.01830508474576271,0.8454345167652857
oracle,0.0,0.02661016949152542,0.7697837002923048
oracle,0.0,0.03491525423728813,0.6924654047347598
oracle,0.0,0.043220338983050846,0.6137490740157605
oracle,0.0,0.05152542372881356,0.5345531636081235
oracle,0.0,0.059830508474576265,0.45657996316783256
oracle,0.0,0.06813559322033898,0.38191162584200267
oracle,0.0,0.07644067796610168,0.31242858799877676
oracle,0.0,0.08474576271186439,0.24948913120643107
oracle,0.0,0.09305084745762711,0.19394805383353078
oracle,0.0,0.10135593220338981,0.14628063503269026
oracle,0.0,0.10966101694915252,0.10664056973229746
oracle,0.0,0.11796610169491524,0.07489721914959063
oracle,0.0,0.12627118644067795,0.05060404347244245
oracle,0.0,0.13457627118644067,0.03294769857188904
oracle,0.0,0.14288135593220339,0.020801785735709892
oracle,0.0,0.1511864406779661,0.012879612241406721
oracle,0.0,0.1594915254237288,0.007935501227083915
oracle,0.0,0.16779661016949152,0.004937229842352393
oracle,0.0,0.17610169491525424,0.0031378693552434
oracle,0.0,0.18440677966101693,0.002051356373697705
oracle,0.0,0.19271186440677965,0.001383281369349827
oracle,0.0,0.20101694915254237,0.0009620327542625604
oracle,0.0,0.20932203389830506,0.0006888445441378733
oracle,0.0,0.21762711864406778,0.0005065437309004604
oracle,0.0,0.2259322033898305,0.0003815135553350855
oracle,0.0,0.23423728813559322,0.0002935359774134669
oracle,0.0,0.2425423728813559,0.00023015942270104768
oracle,0.0,0.25084745762711863,0.00018352254818232149
oracle,0.0,0.2591525423728813,0.00014852957067746316
oracle,0.0,0.26745762711864407,0.00012181292392853083
oracle,0.0,0.27576271186440676,0.00010109091421245709
oracle,0.0,0.28406779661016945,8.478753943492923e-05
oracle,0.0,0.2923728813559322,7.17918106540925e-05
oracle,0.0,0.3006779661016949,6.131000227639307e-05
oracle,0.0,0.3089830508474576,5.27663303442795e-05
oracle,0.0,0.31728813559322033,4.5734141519884054e-05
oracle,0.0,0.325593220338983,3.9891269152804585e-05
oracle,0.0,0.3338983050847457,3.4998936857302706e-05
oracle,0.0,0.34220338983050846,3.087026826272562e-05
oracle,0.0,0.35050847457627116,2.736284749495032e-05
oracle,0.0,0.35881355932203385,2.436285537956693e-05
oracle,0.0,0.3671186440677966,2.178040138632514e-05
oracle,0.0,0.3754237288135593,1.9546891917358687e-05
oracle,0.0,0.383728813559322,1.7604284316628634e-05
oracle,0.0,0.3920338983050847,1.5907457145069533e-05
oracle,0.0,0.4003389830508474,1.441689472553164e-05
oracle,0.0,0.4086440677966101,1.3102742116292066e-05
oracle,0.0,0.41694915254237286,1.1940385641079275e-05
oracle,0.0,0.42525423728813555,1.0907709581020148e-05
oracle,0.0,0.4335593220338983,9.986252254416193e-06
oracle,0.0,0.441864406779661,9.162765021675823e-06
oracle,0.0,0.4501694915254237,8.423870726441434e-06
oracle,0.0,0.45847457627118643,7.758927326311369e-06
oracle,0.0,0.4667796610169491,7.158866427228826e-06
oracle,0.0,0.4750847457627118,6.61592720735972e-06
oracle,0.0,0.48338983050847456,6.123450800936797e-06
oracle,0.0,0.49169491525423725,5.676320117589989e-06
oracle,0.0,0.5,5.2683061730725605e-06
tiny_noise,1e-06,0.01,0.9191746641947719
tiny_noise,1e-06,0.01830508474576271,0.8447405937797783
tiny_noise,1e-06,0.02661016949152542,0.7690648871288098
tiny_noise,1e-06,0.03491525423728813,0.6924069697608115
tiny_noise,1e-06,0.043220338983050846,0.615589224334981
tiny_noise,1e-06,0.05152542372881356,0.5399306820606707
tiny_noise,1e-06,0.059830508474576265,0.4669823309390986
tiny_noise,1e-06,0.06813559322033898,0.39811738897356475
tiny_noise,1e-06,0.07644067796610168,0.3343373028068178
tiny_noise,1e-06,0.08474576271186439,0.2762911080321962
tiny_noise,1e-06,0.09305084745762711,0.22436537606456758
tiny_noise,1e-06,0.10135593220338981,0.17876556850591252
tiny_noise,1e-06,0.10966101694915252,0.13954415125877392
tiny_noise,1e-06,0.11796610169491524,0.10659944012176238
tiny_noise,1e-06,0.12627118644067795,0.07967070000991676
tiny_noise,1e-06,0.13457627118644067,0.058318195152585996
tiny_noise,1e-06,0.14288135593220339,0.04192076087391731
tiny_noise,1e-06,0.1511864406779661,0.02972086324069241
tiny_noise,1e-06,0.1594915254237288,0.020902875494383147
tiny_noise,1e-06,0.16779661016949152,0.014678521873669942
tiny_noise,1e-06,0.17610169491525424,0.010356604412445583
tiny_noise,1e-06,0.18440677966101693,0.007380803877299749
tiny_noise,1e-06,0.19271186440677965,0.005333297412315521
tiny_noise,1e-06,0.20101694915254237,0.003916418635699761
tiny_noise,1e-06,0.20932203389830506,0.0029256522102381584
tiny_noise,1e-06,0.21762711864406778,0.0022233830152784636
tiny_noise,1e-06,0.2259322033898305,0.0017179776413070544
tiny_noise,1e-06,0.23423728813559322,0.00134841503625045
tiny_noise,1e-06,0.2425423728813559,0.001073872223557286
tiny_noise,1e-06,0.25084745762711863,0.0008667614529952395
tiny_noise,1e-06,0.2591525423728813,0.0007082142320595571
tiny_noise,1e-06,0.26745762711864407,0.0005851684370448458
tiny_noise,1e-06,0.27576271186440676,0.0004884424145772773
tiny_noise,1e-06,0.28406779661016945,0.00041148653159783717
tiny_noise,1e-06,0.2923728813559322,0.00034959219060295787
tiny_noise,1e-06,0.3006779661016949,0.00029929421139807415
tiny_noise,1e-06,0.3089830508474576,0.00025803230099420097
tiny_noise,1e-06,0.31728813559322033,0.00022388630935516138
tiny_noise,1e-06,0.325593220338983,0.0001954030018538557
tiny_noise,1e-06,0.3338983050847457,0.00017146226414720578
tiny_noise,1e-06,0.34220338983050846,0.00015119947370696553
tiny_noise,1e-06,0.35050847457627116,0.00013393865852029044
tiny_noise,1e-06,0.35881355932203385,0.00011914924154016366
tiny_noise,1e-06,0.3671186440677966,0.00010640425962856503
tiny_noise,1e-06,0.3754237288135593,9.536374317090394e-05
tiny_noise,1e-06,0.383728813559322,8.575308597167797e-05
tiny_noise,1e-06,0.3920338983050847,7.734892134592066e-05
tiny_noise,1e-06,0.4003389830508474,6.996836556091565e-05
tiny_noise,1e-06,0.4086440677966101,6.346274706247844e-05
tiny_noise,1e-06,0.41694915254237286,5.770314519372686e-05
tiny_noise,1e-06,0.42525423728813555,5.258943027498188e-05
tiny_noise,1e-06,0.4335593220338983,4.803242848339714e-05
tiny_noise,1e-06,0.441864406779661,4.395876266020753e-05
tiny_noise,1e-06,0.4501694915254237,4.0306356855447424e-05
tiny_noise,1e-06,0.45847457627118643,3.702245939378611e-05
tiny_noise,1e-06,0.4667796610169491,3.406205049059085e-05
tiny_noise,1e-06,0.4750847457627118,3.138655258925807e-05
tiny_noise,1e-06,0.48338983050847456,2.8962780384680374e-05
tiny_noise,1e-06,0.49169491525423725,2.676208511290157e-05
tiny_noise,1e-06,0.5,2.476013191702191e-05
huge_noise,100.0,0.01,1.002178601104906
huge_noise,100.0,0.01830508474576271,0.9984929804875233
huge_noise,100.0,0.02661016949152542,0.9947195331732477
huge_noise,100.0,0.03491525423728813,0.9908786349375741
huge_noise,100.0,0.043220338983050846,0.9869793048106489
huge_noise,100.0,0.05152542372881356,0.983026682791904
huge_noise,100.0,0.059830508474576265,0.9790241480969529
huge_noise,100.0,0.06813559322033898,0.9749741400061562
huge_noise,100.0,0.07644067796610168,0.970878539148303
huge_noise,100.0,0.08474576271186439,0.9667388675108832
huge_noise,100.0,0.09305084745762711,0.9625564030468357
huge_noise,100.0,0.10135593220338981,0.9583322499423732
huge_noise,100.0,0.10966101694915252,0.9540673842964891
huge_noise,100.0,0.11796610169491524,0.9497626840711036
huge_noise,100.0,0.12627118644067795,0.9454189517433537
huge_noise,100.0,0.13457627118644067,0.9410369296300253
huge_noise,100.0,0.14288135593220339,0.936617310126707
huge_noise,100.0,0.1511864406779661,0.9321607471855629
huge_noise,100.0,0.1594915254237288,0.9276678597182374
huge_noise,100.0,0.16779661016949152,0.9231392410206716
huge_noise,100.0,0.17610169491525424,0.9185754583127873
huge_noise,100.0,0.18440677966101693,0.9139770618146438
huge_noise,100.0,0.19271186440677965,0.9093445821763259
huge_noise,100.0,0.20101694915254237,0.9046785348008066
huge_noise,100.0,0.20932203389830506,0.8999794257521249
huge_noise,100.0,0.21762711864406778,0.8952477463519288
huge_noise,100.0,0.2259322033898305,0.890483977393663
huge_noise,100.0,0.23423728813559322,0.885688595958666
huge_noise,100.0,0.2425423728813559,0.880862066234891
huge_noise,100.0,0.25084745762711863,0.8760048468965519
huge_noise,100.0,0.2591525423728813,0.871117390067554
huge_noise,100.0,0.26745762711864407,0.8662001417844258
huge_noise,100.0,0.27576271186440676,0.8612535392730267
huge_noise,100.0,0.28406779661016945,0.8562780231997421
huge_noise,100.0,0.2923728813559322,0.8512740200691004
huge_noise,100.0,0.3006779661016949,0.846241953852247
huge_noise,100.0,0.3089830508474576,0.8411822430421054
huge_noise,100.0,0.31728813559322033,0.8360953004636965
huge_noise,100.0,0.325593220338983,0.8309815329813839
huge_noise,100.0,0.3338983050847457,0.8258413410998857
huge_noise,100.0,0.34220338983050846,0.8206751184541843
huge_noise,100.0,0.35050847457627116,0.8154832511816599
huge_noise,100.0,0.35881355932203385,0.8102661171678655
huge_noise,100.0,0.3671186440677966,0.805024092686113
huge_noise,100.0,0.3754237288135593,0.7997575219748867
huge_noise,100.0,0.383728813559322,0.7944667590822463
huge_noise,100.0,0.3920338983050847,0.7891521384076375
huge_noise,100.0,0.4003389830508474,0.7838139799765192
huge_noise,100.0,0.4086440677966101,0.7784525985033557
huge_noise,100.0,0.41694915254237286,0.773068258978105
huge_noise,100.0,0.42525423728813555,0.767661236118141
huge_noise,100.0,0.4335593220338983,0.7622317849007315
huge_noise,100.0,0.441864406779661,0.7567800951976349
huge_noise,100.0,0.4501694915254237,0.7513063793418998
huge_noise,100.0,0.45847457627118643,0.7458107602393428
huge_noise,100.0,0.4667796610169491,0.7402933815134538
huge_noise,100.0,0.4750847457627118,0.7347542977218035
huge_noise,100.0,0.48338983050847456,0.7291935109239601
huge_noise,100.0,0.49169491525423725,0.7236110211822095
huge_noise,100.0,0.5,0.7180067113376037
single_task,,0.01,1.041137881555298
single_task,,0.01830508474576271,1.043632047298228
single_task,,0.02661016949152542,1.03849216409343
single_task,,0.03491525423728813,1.0284934615685986
single_task,,0.043220338983050846,1.0148825050360415
single_task,,0.05152542372881356,0.9983366744574238
single_task,,0.059830508474576265,0.9793895572894511
single_task,,0.06813559322033898,0.9584504546494751
single_task,,0.07644067796610168,0.9357726418642078
single_task,,0.08474576271186439,0.9115447185378033
single_task,,0.09305084745762711,0.8859923416129113
single_task,,0.10135593220338981,0.8593627500758763
single_task,,0.10966101694915252,0.8318703429531168
single_task,,0.11796610169491524,0.8036777297443255
single_task,,0.12627118644067795,0.7749025292499109
single_task,,0.13457627118644067,0.7456384169086072
single_task,,0.14288135593220339,0.7159775089220818
single_task,,0.1511864406779661,0.6860220753912697
single_task,,0.1594915254237288,0.6558889903427666
single_task,,0.16779661016949152,0.6257073989833891
single_task,,0.17610169491525424,0.5955986091340891
single_task,,0.18440677966101693,0.565653475962111
single_task,,0.19271186440677965,0.5359296657384174
single_task,,0.20101694915254237,0.5064633440393214
single_task,,0.20932203389830506,0.4772793751317371
single_task,,0.21762711864406778,0.4484011990334752
single_task,,0.2259322033898305,0.4198725391759401
single_task,,0.23423728813559322,0.39178419768867523
single_task,,0.2425423728813559,0.36427696737256254
single_task,,0.25084745762711863,0.33750716113169876
single_task,,0.2591525423728813,0.311598656362125
single_task,,0.26745762711864407,0.2866137268988075
single_task,,0.27576271186440676,0.26256157769026256
single_task,,0.28406779661016945,0.23944557451203308
single_task,,0.2923728813559322,0.21731070834617758
single_task,,0.3006779661016949,0.19624743105090225
single_task,,0.3089830508474576,0.1763680236634163
single_task,,0.31728813559322033,0.15776651672411973
single_task,,0.325593220338983,0.1404878188358651
single_task,,0.3338983050847457,0.12452543442335644
single_task,,0.34220338983050846,0.10984361672252935
single_task,,0.35050847457627116,0.09639102094798904
single_task,,0.35881355932203385,0.08412783584378929
single_task,,0.3671186440677966,0.07304722350121706
single_task,,0.3754237288135593,0.0631297054048114
single_task,,0.383728813559322,0.05432751370756689
single_task,,0.3920338983050847,0.04657180392246744
single_task,,0.4003389830508474,0.03977699682817075
single_task,,0.4086440677966101,0.033860323788451406
single_task,,0.41694915254237286,0.028742999779422122
single_task,,0.42525423728813555,0.024344013420422205
single_task,,0.4335593220338983,0.020581049429410816
single_task,,0.441864406779661,0.01736827856091016
single_task,,0.4501694915254237,0.014627746805258655
single_task,,0.45847457627118643,0.012302882990787632
single_task,,0.4667796610169491,0.010342305168386155
single_task,,0.4750847457627118,0.008697077046681668
single_task,,0.48338983050847456,0.007321443715068775
single_task,,0.49169491525423725,0.006173053023869989
single_task,,0.5,0.005214122466163058
