pt_mode,alpha_pt,sigma0_pt,alpha_ft,alpha_ft_req,seed,inp_dim,rho_pt,rho_ft,omega,emp_omega,c_pt,lambda_pt,gamma_reinit,a_pt,n_train_pt,n_train_ft,pt_param_mse,pt_stop,pt_epoch,ft_param_mse,ft_pred_mse,ft_stop,ft_epoch,wall_s
underdetermined,0.2,0.0,0.05,0.05,0,1000,0.1,0.1,1.0,1.0,0.001,0.0,0.0,1.0,200,50,0.0696603099848463,train_pred_mse,18000,1.0582047086389064,1.057036783888549,train_pred_mse,2000,8.870702266693115
underdetermined,0.2,0.0,0.05,0.05,1,1000,0.1,0.1,1.0,1.0,0.001,0.0,0.0,1.0,200,50,0.0724991051707532,train_pred_mse,18000,1.0201866194691265,1.038890137895101,train_pred_mse,2000,6.3258280754089355
underdetermined,0.2,0.0,0.05,0.05,2,1000,0.1,0.1,1.0,1.0,0.001,0.0,0.0,1.0,200,50,0.0770651512194802,train_pred_mse,18000,0.9516999362993857,0.9398088246356908,train_pred_mse,2000,6.341158151626587
underdetermined,0.2,0.0,0.1,0.1,0,1000,0.1,0.1,1.0,1.0,0.001,0.0,0.0,1.0,200,100,0.0696603099848463,train_pred_mse,18000,0.8525730491081761,0.8464128926004578,train_pred_mse,2000,6.491676092147827
underdetermined,0.2,0.0,0.1,0.1,1,1000,0.1,0.1,1.0,1.0,0.001,0.0,0.0,1.0,200,100,0.0724991051707532,train_pred_mse,18000,0.7986717845543221,0.8071521788712432,train_pred_mse,4000,6.933161020278931
underdetermined,0.2,0.0,0.1,0.1,2,1000,0.1,0.1,1.0,1.0,0.001,0.0,0.0,1.0,200,100,0.0770651512194802,train_pred_mse,18000,0.7337205866984965,0.7251109912092701,train_pred_mse,4000,6.856783866882324
underdetermined,0.2,0.0,0.15,0.15,0,1000,0.1,0.1,1.0,1.0,0.001,0.0,0.0,1.0,200,150,0.0696603099848463,train_pred_mse,18000,0.643559615616304,0.6398613384016176,train_pred_mse,4000,6.981287956237793
underdetermined,0.2,0.0,0.15,0.15,1,1000,0.1,0.1,1.0,1.0,0.001,0.0,0.0,1.0,200,150,0.0724991051707532,train_pred_mse,18000,0.6196259512286512,0.6285417613473747,train_pred_mse,6000,7.585445165634155
underdetermined,0.2,0.0,0.15,0.15,2,1000,0.1,0.1,1.0,1.0,0.001,0.0,0.0,1.0,200,150,0.0770651512194802,train_pred_mse,18000,0.5660868528724495,0.553435369603411,train_pred_mse,4000,7.051864147186279
noisy,1.0,0.01,0.05,0.05,0,1000,0.1,0.1,1.0,1.0,0.001,0.0,0.0,1.0,1000,50,0.0001272024912022,train_pred_mse,28000,0.7104242894178099,0.6934888718739685,train_pred_mse,2000,24.620381832122803
noisy,1.0,0.01,0.05,0.05,1,1000,0.1,0.1,1.0,1.0,0.001,0.0,0.0,1.0,1000,50,0.0001445238401438,train_pred_mse,32000,0.6462996079377804,0.6497581416560985,train_pred_mse,2000,25.543224811553955
noisy,1.0,0.01,0.05,0.05,2,1000,0.1,0.1,1.0,1.0,0.001,0.0,0.0,1.0,1000,50,0.0001511058032224,train_pred_mse,30000,0.5876245050658355,0.5911225285055911,train_pred_mse,2000,23.606251001358032
noisy,1.0,0.01,0.1,0.1,0,1000,0.1,0.1,1.0,1.0,0.001,0.0,0.0,1.0,1000,100,0.0001272024912022,train_pred_mse,28000,0.2101430578157683,0.2054237557594226,train_pred_mse,6000,23.88704800605774
noisy,1.0,0.01,0.1,0.1,1,1000,0.1,0.1,1.0,1.0,0.001,0.0,0.0,1.0,1000,100,0.0001445238401438,train_pred_mse,32000,0.1930058589233782,0.1918450142147342,train_pred_mse,4000,25.207751989364624
noisy,1.0,0.01,0.1,0.1,2,1000,0.1,0.1,1.0,1.0,0.001,0.0,0.0,1.0,1000,100,0.0001511058032224,train_pred_mse,30000,0.140103690359083,0.1375238656731455,train_pred_mse,4000,26.415990829467773
noisy,1.0,0.01,0.15,0.15,0,1000,0.1,0.1,1.0,1.0,0.001,0.0,0.0,1.0,1000,150,0.0001272024912022,train_pred_mse,28000,0.0254913628982882,0.0252439011398075,train_pred_mse,6000,22.956787109375
noisy,1.0,0.01,0.15,0.15,1,1000,0.1,0.1,1.0,1.0,0.001,0.0,0.0,1.0,1000,150,0.0001445238401438,train_pred_mse,32000,0.0489035223787137,0.0497591708052823,train_pred_mse,6000,32.473819971084595
noisy,1.0,0.01,0.15,0.15,2,1000,0.1,0.1,1.0,1.0,0.001,0.0,0.0,1.0,1000,150,0.0001511058032224,train_pred_mse,30000,0.0268774020308081,0.0265924559092047,train_pred_mse,6000,36.59616589546203
underdetermined,0.2,0.0,0.05,0.05,0,1000,0.1,0.1,0.0,0.0,0.001,0.0,0.0,1.0,200,50,0.0696603099848463,train_pred_mse,18000,1.2490126323762554,1.247342698375461,train_pred_mse,2000,8.227918148040771
underdetermined,0.2,0.0,0.05,0.05,1,1000,0.1,0.1,0.0,0.0,0.001,0.0,0.0,1.0,200,50,0.0724991051707532,train_pred_mse,18000,1.3542722594764474,1.3693355712489854,train_pred_mse,2000,6.4611289501190186
underdetermined,0.2,0.0,0.05,0.05,2,1000,0.1,0.1,0.0,0.0,0.001,0.0,0.0,1.0,200,50,0.0770651512194802,train_pred_mse,18000,1.0166582401222366,1.046219464879157,train_pred_mse,2000,6.418284893035889
underdetermined,0.2,0.0,0.1,0.1,0,1000,0.1,0.1,0.0,0.0,0.001,0.0,0.0,1.0,200,100,0.0696603099848463,train_pred_mse,18000,1.226204484947614,1.2204360692723557,train_pred_mse,4000,8.8817720413208
underdetermined,0.2,0.0,0.1,0.1,1,1000,0.1,0.1,0.0,0.0,0.001,0.0,0.0,1.0,200,100,0.0724991051707532,train_pred_mse,18000,1.2174165230669651,1.225272312837226,train_pred_mse,4000,9.749328136444092
underdetermined,0.2,0.0,0.1,0.1,2,1000,0.1,0.1,0.0,0.0,0.001,0.0,0.0,1.0,200,100,0.0770651512194802,train_pred_mse,18000,0.9521523555787232,0.9760855876877942,train_pred_mse,4000,8.516998767852783
underdetermined,0.2,0.0,0.15,0.15,0,1000,0.1,0.1,0.0,0.0,0.001,0.0,0.0,1.0,200,150,0.0696603099848463,train_pred_mse,18000,1.1175653210586245,1.1144554424831972,train_pred_mse,4000,8.22368574142456
underdetermined,0.2,0.0,0.15,0.15,1,1000,0.1,0.1,0.0,0.0,0.001,0.0,0.0,1.0,200,150,0.0724991051707532,train_pred_mse,18000,1.100206446116576,1.102393190712491,train_pred_mse,4000,7.368603229522705
underdetermined,0.2,0.0,0.15,0.15,2,1000,0.1,0.1,0.0,0.0,0.001,0.0,0.0,1.0,200,150,0.0770651512194802,train_pred_mse,18000,0.7934726374414477,0.8156728593580256,train_pred_mse,4000,7.834245204925537
noisy,1.0,0.01,0.05,0.05,0,1000,0.1,0.1,0.0,0.0,0.001,0.0,0.0,1.0,1000,50,0.0001272024912022,train_pred_mse,28000,1.5788416735560786,1.5682286453873349,train_pred_mse,2000,23.75764298439026
noisy,1.0,0.01,0.05,0.05,1,1000,0.1,0.1,0.0,0.0,0.001,0.0,0.0,1.0,1000,50,0.0001445238401438,train_pred_mse,32000,1.696410885205963,1.7377969240978672,train_pred_mse,2000,22.72837495803833
noisy,1.0,0.01,0.05,0.05,2,1000,0.1,0.1,0.0,0.0,0.001,0.0,0.0,1.0,1000,50,0.0001511058032224,train_pred_mse,30000,1.330273465114676,1.3553754325235683,train_pred_mse,2000,20.48621082305908
noisy,1.0,0.01,0.1,0.1,0,1000,0.1,0.1,0.0,0.0,0.001,0.0,0.0,1.0,1000,100,0.0001272024912022,train_pred_mse,28000,1.4580687071649143,1.4455754887060013,train_pred_mse,4000,19.815847158432007
noisy,1.0,0.01,0.1,0.1,1,1000,0.1,0.1,0.0,0.0,0.001,0.0,0.0,1.0,1000,100,0.0001445238401438,train_pred_mse,32000,1.6017640568692937,1.6169333877548069,train_pred_mse,4000,31.85620927810669
noisy,1.0,0.01,0.1,0.1,2,1000,0.1,0.1,0.0,0.0,0.001,0.0,0.0,1.0,1000,100,0.0001511058032224,train_pred_mse,30000,1.328590355145013,1.3374718385895432,train_pred_mse,4000,27.92271518707275
noisy,1.0,0.01,0.15,0.15,0,1000,0.1,0.1,0.0,0.0,0.001,0.0,0.0,1.0,1000,150,0.0001272024912022,train_pred_mse,28000,1.3062981287625404,1.3030404183345836,train_pred_mse,6000,18.769763946533203
noisy,1.0,0.01,0.15,0.15,1,1000,0.1,0.1,0.0,0.0,0.001,0.0,0.0,1.0,1000,150,0.0001445238401438,train_pred_mse,32000,1.3337459028398733,1.3419494377893604,train_pred_mse,6000,20.5727219581604
noisy,1.0,0.01,0.15,0.15,2,1000,0.1,0.1,0.0,0.0,0.001,0.0,0.0,1.0,1000,150,0.0001511058032224,train_pred_mse,30000,0.9237228030183064,0.930320892244153,train_pred_mse,6000,19.539761066436768
noisy,1.0,0.01,0.05,0.05,3,1000,0.1,0.1,1.0,1.0,0.001,0.0,0.0,1.0,1000,50,0.0001794499486024,train_pred_mse,32000,0.570813177322377,0.5792052219012329,train_pred_mse,2000,29.98327088356018
noisy,1.0,0.01,0.1,0.1,3,1000,0.1,0.1,1.0,1.0,0.001,0.0,0.0,1.0,1000,100,0.0001794499486024,train_pred_mse,32000,0.1424955401350624,0.1415228249060222,train_pred_mse,4000,29.205262899398804
noisy,1.0,0.01,0.15,0.15,3,1000,0.1,0.1,1.0,1.0,0.001,0.0,0.0,1.0,1000,150,0.0001794499486024,train_pred_mse,32000,0.032842144013979,0.0326331019914986,train_pred_mse,6000,30.35937523841858
noisy,1.0,0.01,0.05,0.05,4,1000,0.1,0.1,1.0,1.0,0.001,0.0,0.0,1.0,1000,50,0.0001392575140993,train_pred_mse,32000,0.5495522064540056,0.5520409107398471,train_pred_mse,2000,30.46372413635254
noisy,1.0,0.01,0.1,0.1,4,1000,0.1,0.1,1.0,1.0,0.001,0.0,0.0,1.0,1000,100,0.0001392575140993,train_pred_mse,32000,0.2437600121153962,0.2403117112448606,train_pred_mse,4000,35.35209393501282
noisy,1.0,0.01,0.15,0.15,4,1000,0.1,0.1,1.0,1.0,0.001,0.0,0.0,1.0,1000,150,0.0001392575140993,train_pred_mse,32000,0.0452973985894605,0.0451094456411786,train_pred_mse,6000,32.41645693778992
noisy,1.0,0.01,0.05,0.05,5,1000,0.1,0.1,1.0,1.0,0.001,0.0,0.0,1.0,1000,50,0.0001926311817773,train_pred_mse,34000,0.5346955425521619,0.5357487251394716,train_pred_mse,2000,35.56911087036133
noisy,1.0,0.01,0.1,0.1,5,1000,0.1,0.1,1.0,1.0,0.001,0.0,0.0,1.0,1000,100,0.0001926311817773,train_pred_mse,34000,0.2460593180315353,0.2420953418513144,train_pred_mse,6000,42.19805192947388
noisy,1.0,0.01,0.15,0.15,5,1000,0.1,0.1,1.0,1.0,0.001,0.0,0.0,1.0,1000,150,0.0001926311817773,train_pred_mse,34000,0.0669277771969242,0.0659964336889213,train_pred_mse,8000,42.38640022277832
noisy,1.0,0.01,0.05,0.05,6,1000,0.1,0.1,1.0,1.0,0.001,0.0,0.0,1.0,1000,50,0.0001685761414547,train_pred_mse,30000,0.5799518124502813,0.5672344971850793,train_pred_mse,2000,27.224184036254883
noisy,1.0,0.01,0.1,0.1,6,1000,0.1,0.1,1.0,1.0,0.001,0.0,0.0,1.0,1000,100,0.0001685761414547,train_pred_mse,30000,0.2577104996471702,0.2551327896926209,train_pred_mse,4000,35.67835593223572
noisy,1.0,0.01,0.15,0.15,6,1000,0.1,0.1,1.0,1.0,0.001,0.0,0.0,1.0,1000,150,0.0001685761414547,train_pred_mse,30000,0.0669256419685936,0.0666635971260751,train_pred_mse,6000,42.70476794242859
noisy,1.0,0.01,0.05,0.05,7,1000,0.1,0.1,1.0,1.0,0.001,0.0,0.0,1.0,1000,50,0.0001400914211738,train_pred_mse,34000,0.6229480035238676,0.6169935680507098,train_pred_mse,2000,35.81164193153381
noisy,1.0,0.01,0.1,0.1,7,1000,0.1,0.1,1.0,1.0,0.001,0.0,0.0,1.0,1000,100,0.0001400914211738,train_pred_mse,34000,0.2462497145315209,0.2445195667046298,train_pred_mse,4000,38.176628828048706
noisy,1.0,0.01,0.15,0.15,7,1000,0.1,0.1,1.0,1.0,0.001,0.0,0.0,1.0,1000,150,0.0001400914211738,train_pred_mse,34000,0.0826685053301078,0.0827714796498274,train_pred_mse,8000,39.38902306556702
noisy,1.0,0.01,0.05,0.05,8,1000,0.1,0.1,1.0,1.0,0.001,0.0,0.0,1.0,1000,50,0.0001759881099075,train_pred_mse,32000,0.5210860586635454,0.5195072416130417,train_pred_mse,2000,34.42143678665161
noisy,1.0,0.01,0.1,0.1,8,1000,0.1,0.1,1.0,1.0,0.001,0.0,0.0,1.0,1000,100,0.0001759881099075,train_pred_mse,32000,0.1373378071294437,0.138946019225648,train_pred_mse,4000,33.35313296318054
noisy,1.0,0.01,0.15,0.15,8,1000,0.1,0.1,1.0,1.0,0.001,0.0,0.0,1.0,1000,150,0.0001759881099075,train_pred_mse,32000,0.0316544902849865,0.0318449257429908,train_pred_mse,8000,25.344407081604004
noisy,1.0,0.01,0.05,0.05,9,1000,0.1,0.1,1.0,1.0,0.001,0.0,0.0,1.0,1000,50,0.0001795584034251,train_pred_mse,30000,0.5455154886319115,0.5556430170537706,train_pred_mse,2000,22.492432832717896
noisy,1.0,0.01,0.1,0.1,9,1000,0.1,0.1,1.0,1.0,0.001,0.0,0.0,1.0,1000,100,0.0001795584034251,train_pred_mse,30000,0.1560774342441651,0.158483908320623,train_pred_mse,4000,22.36632823944092
noisy,1.0,0.01,0.15,0.15,9,1000,0.1,0.1,1.0,1.0,0.001,0.0,0.0,1.0,1000,150,0.0001795584034251,train_pred_mse,30000,0.0256550964117395,0.0258492718376925,train_pred_mse,6000,23.43447518348694
noisy,1.0,0.01,0.05,0.05,3,1000,0.1,0.1,0.0,0.0,0.001,0.0,0.0,1.0,1000,50,0.0001794499486024,train_pred_mse,32000,1.4289359221204314,1.4464996550345972,train_pred_mse,2000,24.471985816955566
noisy,1.0,0.01,0.1,0.1,3,1000,0.1,0.1,0.0,0.0,0.001,0.0,0.0,1.0,1000,100,0.0001794499486024,train_pred_mse,32000,1.2365051653124275,1.2447041837868251,train_pred_mse,4000,23.75566792488098
noisy,1.0,0.01,0.15,0.15,3,1000,0.1,0.1,0.0,0.0,0.001,0.0,0.0,1.0,1000,150,0.0001794499486024,train_pred_mse,32000,1.102986034804268,1.1094102321621848,train_pred_mse,6000,24.8346049785614
noisy,1.0,0.01,0.05,0.05,4,1000,0.1,0.1,0.0,0.0,0.001,0.0,0.0,1.0,1000,50,0.0001392575140993,train_pred_mse,32000,1.3770046070498412,1.3690095305150003,train_pred_mse,2000,22.829736948013306
noisy,1.0,0.01,0.1,0.1,4,1000,0.1,0.1,0.0,0.0,0.001,0.0,0.0,1.0,1000,100,0.0001392575140993,train_pred_mse,32000,1.3418353438363475,1.3176170215145495,train_pred_mse,4000,23.870892763137817
noisy,1.0,0.01,0.15,0.15,4,1000,0.1,0.1,0.0,0.0,0.001,0.0,0.0,1.0,1000,150,0.0001392575140993,train_pred_mse,32000,1.1436633245844692,1.118283352983192,train_pred_mse,6000,24.57891011238098
noisy,1.0,0.01,0.05,0.05,5,1000,0.1,0.1,0.0,0.0,0.001,0.0,0.0,1.0,1000,50,0.0001926311817773,train_pred_mse,34000,1.2131392641007146,1.2214972633308248,train_pred_mse,2000,24.324000120162964
noisy,1.0,0.01,0.1,0.1,5,1000,0.1,0.1,0.0,0.0,0.001,0.0,0.0,1.0,1000,100,0.0001926311817773,train_pred_mse,34000,1.2955710573478874,1.291419938647623,train_pred_mse,4000,25.38651418685913
noisy,1.0,0.01,0.15,0.15,5,1000,0.1,0.1,0.0,0.0,0.001,0.0,0.0,1.0,1000,150,0.0001926311817773,train_pred_mse,34000,1.053271465669862,1.0561365939737724,train_pred_mse,6000,25.95406413078308
noisy,1.0,0.01,0.05,0.05,6,1000,0.1,0.1,0.0,0.0,0.001,0.0,0.0,1.0,1000,50,0.0001685761414547,train_pred_mse,30000,1.5340010437815157,1.542294243651949,train_pred_mse,2000,22.47908306121826
noisy,1.0,0.01,0.1,0.1,6,1000,0.1,0.1,0.0,0.0,0.001,0.0,0.0,1.0,1000,100,0.0001685761414547,train_pred_mse,30000,1.3003910840110675,1.3050750514906972,train_pred_mse,4000,21.592549085617065
noisy,1.0,0.01,0.15,0.15,6,1000,0.1,0.1,0.0,0.0,0.001,0.0,0.0,1.0,1000,150,0.0001685761414547,train_pred_mse,30000,1.2177422467458183,1.227712459119933,train_pred_mse,6000,22.903753995895386
noisy,1.0,0.01,0.05,0.05,7,1000,0.1,0.1,0.0,0.0,0.001,0.0,0.0,1.0,1000,50,0.0001400914211738,train_pred_mse,34000,1.5878341607468025,1.5655716986867203,train_pred_mse,2000,25.186588048934937
noisy,1.0,0.01,0.1,0.1,7,1000,0.1,0.1,0.0,0.0,0.001,0.0,0.0,1.0,1000,100,0.0001400914211738,train_pred_mse,34000,1.439872767367915,1.4651109549813783,train_pred_mse,4000,25.22069501876831
noisy,1.0,0.01,0.15,0.15,7,1000,0.1,0.1,0.0,0.0,0.001,0.0,0.0,1.0,1000,150,0.0001400914211738,train_pred_mse,34000,1.0100181045556822,1.0319965785338012,train_pred_mse,6000,28.698827981948853
noisy,1.0,0.01,0.05,0.05,8,1000,0.1,0.1,0.0,0.0,0.001,0.0,0.0,1.0,1000,50,0.0001759881099075,train_pred_mse,32000,1.5463179536882712,1.5351468632516525,train_pred_mse,2000,24.66391110420227
noisy,1.0,0.01,0.1,0.1,8,1000,0.1,0.1,0.0,0.0,0.001,0.0,0.0,1.0,1000,100,0.0001759881099075,train_pred_mse,32000,1.3655053237333592,1.3324416810973676,train_pred_mse,4000,23.138357162475582
noisy,1.0,0.01,0.15,0.15,8,1000,0.1,0.1,0.0,0.0,0.001,0.0,0.0,1.0,1000,150,0.0001759881099075,train_pred_mse,32000,0.9716685933006222,0.9729212441802086,train_pred_mse,6000,24.422847986221313
noisy,1.0,0.01,0.05,0.05,9,1000,0.1,0.1,0.0,0.0,0.001,0.0,0.0,1.0,1000,50,0.0001795584034251,train_pred_mse,30000,1.2037094302717617,1.1889404230229246,train_pred_mse,2000,22.294937133789062
noisy,1.0,0.01,0.1,0.1,9,1000,0.1,0.1,0.0,0.0,0.001,0.0,0.0,1.0,1000,100,0.0001795584034251,train_pred_mse,30000,1.2982074128625578,1.2744938908869616,train_pred_mse,4000,22.97292995452881
noisy,1.0,0.01,0.15,0.15,9,1000,0.1,0.1,0.0,0.0,0.001,0.0,0.0,1.0,1000,150,0.0001795584034251,train_pred_mse,30000,0.92282863287547,0.8978130081624842,train_pred_mse,6000,23.22992706298828
noisy,0.95,0.5,0.05,0.05,0,1000,0.1,0.1,1.0,1.0,0.001,0.0,0.0,1.0,950,50,0.6700007612908149,train_pred_mse_and_grad_norm,52000,1.065656898384814,1.0505722751302187,train_pred_mse_and_grad_norm,2000,27.517494916915894
noisy,0.95,0.5,0.05,0.05,1,1000,0.1,0.1,1.0,1.0,0.001,0.0,0.0,1.0,950,50,0.6534913595876465,train_pred_mse_and_grad_norm,42000,1.1576690500042541,1.161329828595976,train_pred_mse_and_grad_norm,2000,21.76964020729065
noisy,0.95,0.5,0.05,0.05,2,1000,0.1,0.1,1.0,1.0,0.001,0.0,0.0,1.0,950,50,0.5630769268674771,train_pred_mse_and_grad_norm,42000,0.9723944647074602,0.9676393352931345,train_pred_mse_and_grad_norm,2000,23.071349143981934
noisy,0.95,0.5,0.05,0.05,3,1000,0.1,0.1,1.0,1.0,0.001,0.0,0.0,1.0,950,50,0.5346404496760359,train_pred_mse_and_grad_norm,40000,0.9781953869049903,0.9795917711230715,train_pred_mse_and_grad_norm,2000,22.395278692245483
noisy,0.95,0.5,0.05,0.05,4,1000,0.1,0.1,1.0,1.0,0.001,0.0,0.0,1.0,950,50,0.5968146665884325,train_pred_mse_and_grad_norm,44000,0.9381879962088034,0.9341113125214666,train_pred_mse_and_grad_norm,2000,26.033771991729736
noisy,0.95,0.5,0.1,0.1,0,1000,0.1,0.1,1.0,1.0,0.001,0.0,0.0,1.0,950,100,0.6700007612908149,train_pred_mse_and_grad_norm,52000,0.9373701100954207,0.919884842660932,train_pred_mse_and_grad_norm,2000,29.93299102783203
noisy,0.95,0.5,0.1,0.1,1,1000,0.1,0.1,1.0,1.0,0.001,0.0,0.0,1.0,950,100,0.6534913595876465,train_pred_mse_and_grad_norm,42000,1.1453204126813914,1.1438541725388878,train_pred_mse_and_grad_norm,2000,23.432316303253174
noisy,0.95,0.5,0.1,0.1,2,1000,0.1,0.1,1.0,1.0,0.001,0.0,0.0,1.0,950,100,0.5630769268674771,train_pred_mse_and_grad_norm,42000,0.8772385207531945,0.8772588962823175,train_pred_mse_and_grad_norm,2000,22.83253502845764
noisy,0.95,0.5,0.1,0.1,3,1000,0.1,0.1,1.0,1.0,0.001,0.0,0.0,1.0,950,100,0.5346404496760359,train_pred_mse_and_grad_norm,40000,0.8801709146042426,0.885200760147174,train_pred_mse_and_grad_norm,2000,20.413058042526245
noisy,0.95,0.5,0.1,0.1,4,1000,0.1,0.1,1.0,1.0,0.001,0.0,0.0,1.0,950,100,0.5968146665884325,train_pred_mse_and_grad_norm,44000,0.901204678279176,0.8923691915802617,train_pred_mse_and_grad_norm,2000,20.766450881958008
noisy,0.95,0.5,0.15,0.15,0,1000,0.1,0.1,1.0,1.0,0.001,0.0,0.0,1.0,950,150,0.6700007612908149,train_pred_mse_and_grad_norm,52000,0.8020934312500388,0.7969762164967331,train_pred_mse_and_grad_norm,2000,27.025749921798706
noisy,0.95,0.5,0.15,0.15,1,1000,0.1,0.1,1.0,1.0,0.001,0.0,0.0,1.0,950,150,0.6534913595876465,train_pred_mse_and_grad_norm,42000,1.0463172907342582,1.0381288527458756,train_pred_mse_and_grad_norm,2000,21.61825203895569
noisy,0.95,0.5,0.15,0.15,2,1000,0.1,0.1,1.0,1.0,0.001,0.0,0.0,1.0,950,150,0.5630769268674771,train_pred_mse_and_grad_norm,42000,0.7875788182062056,0.7820627975898403,train_pred_mse_and_grad_norm,2000,23.666996955871582
noisy,0.95,0.5,0.15,0.15,3,1000,0.1,0.1,1.0,1.0,0.001,0.0,0.0,1.0,950,150,0.5346404496760359,train_pred_mse_and_grad_norm,40000,0.8015442331195373,0.8099168144558633,train_pred_mse_and_grad_norm,2000,27.744614124298096
noisy,0.95,0.5,0.15,0.15,4,1000,0.1,0.1,1.0,1.0,0.001,0.0,0.0,1.0,950,150,0.5968146665884325,train_pred_mse_and_grad_norm,44000,0.7852777961585307,0.7759611458500706,train_pred_mse_and_grad_norm,2000,23.077717065811157
noisy,0.95,0.5,0.05,0.05,0,1000,0.1,0.1,0.0,0.0,0.001,0.0,0.0,1.0,950,50,0.6700007612908149,train_pred_mse_and_grad_norm,52000,1.1011899487761652,1.099157951616884,train_pred_mse_and_grad_norm,2000,27.08715510368347
noisy,0.95,0.5,0.05,0.05,1,1000,0.1,0.1,0.0,0.0,0.001,0.0,0.0,1.0,950,50,0.6534913595876465,train_pred_mse_and_grad_norm,42000,1.250480085817174,1.2507202171645768,train_pred_mse_and_grad_norm,2000,22.46678113937378
noisy,0.95,0.5,0.05,0.05,2,1000,0.1,0.1,0.0,0.0,0.001,0.0,0.0,1.0,950,50,0.5630769268674771,train_pred_mse_and_grad_norm,42000,0.9790307254574824,1.003431471458753,train_pred_mse_and_grad_norm,2000,20.45025110244751
noisy,0.95,0.5,0.05,0.05,3,1000,0.1,0.1,0.0,0.0,0.001,0.0,0.0,1.0,950,50,0.5346404496760359,train_pred_mse_and_grad_norm,40000,1.037388244449103,1.0416754904450798,train_pred_mse_and_grad_norm,2000,18.639299154281616
noisy,0.95,0.5,0.05,0.05,4,1000,0.1,0.1,0.0,0.0,0.001,0.0,0.0,1.0,950,50,0.5968146665884325,train_pred_mse_and_grad_norm,44000,1.030894757464535,1.0322808319139294,train_pred_mse_and_grad_norm,2000,23.85286808013916
noisy,0.95,0.5,0.1,0.1,0,1000,0.1,0.1,0.0,0.0,0.001,0.0,0.0,1.0,950,100,0.6700007612908149,train_pred_mse_and_grad_norm,52000,1.0667936288295428,1.0724107269448853,train_pred_mse_and_grad_norm,2000,27.651077032089233
noisy,0.95,0.5,0.1,0.1,1,1000,0.1,0.1,0.0,0.0,0.001,0.0,0.0,1.0,950,100,0.6534913595876465,train_pred_mse_and_grad_norm,42000,1.2359913957137896,1.2440529430534468,train_pred_mse_and_grad_norm,2000,21.999839782714844
noisy,0.95,0.5,0.1,0.1,2,1000,0.1,0.1,0.0,0.0,0.001,0.0,0.0,1.0,950,100,0.5630769268674771,train_pred_mse_and_grad_norm,42000,0.9982492262493633,1.016292124202301,train_pred_mse_and_grad_norm,2000,20.892494201660156
noisy,0.95,0.5,0.1,0.1,3,1000,0.1,0.1,0.0,0.0,0.001,0.0,0.0,1.0,950,100,0.5346404496760359,train_pred_mse_and_grad_norm,40000,1.0632590986640114,1.0874149751558548,train_pred_mse_and_grad_norm,2000,21.20948815345764
noisy,0.95,0.5,0.1,0.1,4,1000,0.1,0.1,0.0,0.0,0.001,0.0,0.0,1.0,950,100,0.5968146665884325,train_pred_mse_and_grad_norm,44000,1.024839674710391,1.0258780523575126,train_pred_mse_and_grad_norm,2000,26.189781188964844
noisy,0.95,0.5,0.15,0.15,0,1000,0.1,0.1,0.0,0.0,0.001,0.0,0.0,1.0,950,150,0.6700007612908149,train_pred_mse_and_grad_norm,52000,1.0711625002610037,1.085056637392531,train_pred_mse_and_grad_norm,2000,25.412770986557007
noisy,0.95,0.5,0.15,0.15,1,1000,0.1,0.1,0.0,0.0,0.001,0.0,0.0,1.0,950,150,0.6534913595876465,train_pred_mse_and_grad_norm,42000,1.205898604451786,1.209646744298792,train_pred_mse_and_grad_norm,2000,22.520641088485718
noisy,0.95,0.5,0.15,0.15,2,1000,0.1,0.1,0.0,0.0,0.001,0.0,0.0,1.0,950,150,0.5630769268674771,train_pred_mse_and_grad_norm,42000,0.9855677997073822,0.9986403816877192,train_pred_mse_and_grad_norm,2000,23.24974489212036
noisy,0.95,0.5,0.15,0.15,3,1000,0.1,0.1,0.0,0.0,0.001,0.0,0.0,1.0,950,150,0.5346404496760359,train_pred_mse_and_grad_norm,40000,1.0887130037702186,1.1145429269338107,train_pred_mse_and_grad_norm,2000,25.650155067443848
noisy,0.95,0.5,0.15,0.15,4,1000,0.1,0.1,0.0,0.0,0.001,0.0,0.0,1.0,950,150,0.5968146665884325,train_pred_mse_and_grad_norm,44000,1.0333608669490917,1.038350497016966,train_pred_mse_and_grad_norm,2000,22.163986921310425
