alpha_pt,omega,alpha,mse_best,source
0.01,1.0,0.01,1.0731769048830606,imperfect_pt
0.01,1.0,0.01830508474576271,1.0802862208447417,imperfect_pt
0.01,1.0,0.02661016949152542,1.0777930403366058,imperfect_pt
0.01,1.0,0.03491525423728813,1.0696195283665524,imperfect_pt
0.01,1.0,0.043220338983050846,1.0573882478837688,imperfect_pt
0.01,1.0,0.05152542372881356,1.04191541809971,imperfect_pt
0.01,1.0,0.059830508474576265,1.0237387321762605,imperfect_pt
0.01,1.0,0.06813559322033898,1.0033096039071407,imperfect_pt
0.01,1.0,0.07644067796610168,0.9810162775504739,imperfect_pt
0.01,1.0,0.08474576271186439,0.9571815810432206,imperfect_pt
0.01,1.0,0.09305084745762711,0.9320690408543686,imperfect_pt
0.01,1.0,0.10135593220338981,0.9058885186373422,imperfect_pt
0.01,1.0,0.10966101694915252,0.878807745554649,imperfect_pt
0.01,1.0,0.11796610169491524,0.8509749950087766,imperfect_pt
0.01,1.0,0.12627118644067795,0.8225351701366214,imperfect_pt
0.01,1.0,0.13457627118644067,0.7936275345782309,imperfect_pt
0.01,1.0,0.14288135593220339,0.7643768102053143,imperfect_pt
0.01,1.0,0.1511864406779661,0.7348894651866327,imperfect_pt
0.01,1.0,0.1594915254237288,0.705257407492408,imperfect_pt
0.01,1.0,0.16779661016949152,0.6755656393421463,imperfect_pt
0.01,1.0,0.17610169491525424,0.645897755622943,imperfect_pt
0.01,1.0,0.18440677966101693,0.616336826554634,imperfect_pt
0.01,1.0,0.19271186440677965,0.5869629681755624,imperfect_pt
0.01,1.0,0.20101694915254237,0.5578505115006817,imperfect_pt
0.01,1.0,0.20932203389830506,0.5290675655235865,imperfect_pt
0.01,1.0,0.21762711864406778,0.5006792787805848,imperfect_pt
0.01,1.0,0.2259322033898305,0.47275084853112265,imperfect_pt
0.01,1.0,0.23423728813559322,0.4453476462062285,imperfect_pt
0.01,1.0,0.2425423728813559,0.4185340326006329,imperfect_pt
0.01,1.0,0.25084745762711863,0.3923722642147871,imperfect_pt
0.01,1.0,0.2591525423728813,0.3669206655799152,imperfect_pt
0.01,1.0,0.26745762711864407,0.34223261498119323,imperfect_pt
0.01,1.0,0.27576271186440676,0.31835497105783284,imperfect_pt
0.01,1.0,0.28406779661016945,0.2953279290152574,imperfect_pt
0.01,1.0,0.2923728813559322,0.2731884689101452,imperfect_pt
0.01,1.0,0.3006779661016949,0.2519710684496375,imperfect_pt
0.01,1.0,0.3089830508474576,0.23170474356977006,imperfect_pt
0.01,1.0,0.31728813559322033,0.2124110566340957,imperfect_pt
0.01,1.0,0.325593220338983,0.19410919687961098,imperfect_pt
0.01,1.0,0.3338983050847457,0.17681918589590875,imperfect_pt
0.01,1.0,0.34220338983050846,0.16055250164288093,imperfect_pt
0.01,1.0,0.35050847457627116,0.14530632006831506,imperfect_pt
0.01,1.0,0.35881355932203385,0.13106949262836065,imperfect_pt
0.01,1.0,0.3671186440677966,0.11783152166377081,imperfect_pt
0.01,1.0,0.3754237288135593,0.10558345990571766,imperfect_pt
0.01,1.0,0.383728813559322,0.09430841718263781,imperfect_pt
0.01,1.0,0.3920338983050847,0.08397519850937565,imperfect_pt
0.01,1.0,0.4003389830508474,0.07454421326112916,imperfect_pt
0.01,1.0,0.4086440677966101,0.06597412988079288,imperfect_pt
0.01,1.0,0.41694915254237286,0.05822415848788546,imperfect_pt
0.01,1.0,0.42525423728813555,0.051252060938960314,imperfect_pt
0.01,1.0,0.4335593220338983,0.0450104582030103,imperfect_pt
0.01,1.0,0.441864406779661,0.03944528252603285,imperfect_pt
0.01,1.0,0.4501694915254237,0.034499761127487184,imperfect_pt
0.01,1.0,0.45847457627118643,0.030119481517630487,imperfect_pt
0.01,1.0,0.4667796610169491,0.026253953955393962,imperfect_pt
0.01,1.0,0.4750847457627118,0.022855807508081194,imperfect_pt
0.01,1.0,0.48338983050847456,0.01987949946878763,imperfect_pt
0.01,1.0,0.49169491525423725,0.017281187055660747,imperfect_pt
0.01,1.0,0.5,0.015019012093902648,imperfect_pt
0.5,1.0,0.01,0.9217133253866072,imperfect_pt
0.5,1.0,0.01830508474576271,0.8465099155684864,imperfect_pt
0.5,1.0,0.02661016949152542,0.7726124739437207,imperfect_pt
0.5,1.0,0.03491525423728813,0.7005465347572263,imperfect_pt
0.5,1.0,0.043220338983050846,0.6311543539223068,imperfect_pt
0.5,1.0,0.05152542372881356,0.5651036074420636,imperfect_pt
0.5,1.0,0.059830508474576265,0.5028329303170891,imperfect_pt
0.5,1.0,0.06813559322033898,0.44460546466988127,imperfect_pt
0.5,1.0,0.07644067796610168,0.39055461736103925,imperfect_pt
0.5,1.0,0.08474576271186439,0.3407246507358334,imperfect_pt
0.5,1.0,0.09305084745762711,0.295104962522861,imperfect_pt
0.5,1.0,0.10135593220338981,0.2536514772971897,imperfect_pt
0.5,1.0,0.10966101694915252,0.2162968263966193,imperfect_pt
0.5,1.0,0.11796610169491524,0.18295127921783186,imperfect_pt
0.5,1.0,0.12627118644067795,0.15349504734508906,imperfect_pt
0.5,1.0,0.13457627118644067,0.12776769098386723,imperfect_pt
0.5,1.0,0.14288135593220339,0.10556288089844532,imperfect_pt
0.5,1.0,0.1511864406779661,0.08663133288481363,imperfect_pt
0.5,1.0,0.1594915254237288,0.07068780463469283,imperfect_pt
0.5,1.0,0.16779661016949152,0.05742008474285118,imperfect_pt
0.5,1.0,0.17610169491525424,0.046500863262831114,imperfect_pt
0.5,1.0,0.18440677966101693,0.037601839822903264,imperfect_pt
0.5,1.0,0.19271186440677965,0.03040755754252349,imperfect_pt
0.5,1.0,0.20101694915254237,0.024626752633272565,imperfect_pt
0.5,1.0,0.20932203389830506,0.02000044901701789,imperfect_pt
0.5,1.0,0.21762711864406778,0.01630551983054644,imperfect_pt
0.5,1.0,0.2259322033898305,0.013355048739526242,imperfect_pt
0.5,1.0,0.23423728813559322,0.01099571744802617,imperfect_pt
0.5,1.0,0.2425423728813559,0.009103916615792768,imperfect_pt
0.5,1.0,0.25084745762711863,0.007581298515115628,imperfect_pt
0.5,1.0,0.2591525423728813,0.006350249860569063,imperfect_pt
0.5,1.0,0.26745762711864407,0.005349874812018202,imperfect_pt
0.5,1.0,0.27576271186440676,0.004532516611132105,imperfect_pt
0.5,1.0,0.28406779661016945,0.003860962094012203,imperfect_pt
0.5,1.0,0.2923728813559322,0.0033060503828243426,imperfect_pt
0.5,1.0,0.3006779661016949,0.0028449367652571395,imperfect_pt
0.5,1.0,0.3089830508474576,0.0024596111431451923,imperfect_pt
0.5,1.0,0.31728813559322033,0.0021358805412075394,imperfect_pt
0.5,1.0,0.325593220338983,0.0018624837974036015,imperfect_pt
0.5,1.0,0.3338983050847457,0.0016304227901344508,imperfect_pt
0.5,1.0,0.34220338983050846,0.0014324974469949075,imperfect_pt
0.5,1.0,0.35050847457627116,0.0012629091786512951,imperfect_pt
0.5,1.0,0.35881355932203385,0.0011169639914037771,imperfect_pt
0.5,1.0,0.3671186440677966,0.0009908425512436848,imperfect_pt
0.5,1.0,0.3754237288135593,0.0008814214515528745,imperfect_pt
0.5,1.0,0.383728813559322,0.0007861410392173957,imperfect_pt
0.5,1.0,0.3920338983050847,0.0007028665456588955,imperfect_pt
0.5,1.0,0.4003389830508474,0.0006298532537349864,imperfect_pt
0.5,1.0,0.4086440677966101,0.0005656277115806186,imperfect_pt
0.5,1.0,0.41694915254237286,0.0005089563790498497,imperfect_pt
0.5,1.0,0.42525423728813555,0.0004588196563544205,imperfect_pt
0.5,1.0,0.4335593220338983,0.0004143397639767544,imperfect_pt
0.5,1.0,0.441864406779661,0.00037477811433826437,imperfect_pt
0.5,1.0,0.4501694915254237,0.00033950627413289444,imperfect_pt
0.5,1.0,0.45847457627118643,0.00030799260115884063,imperfect_pt
0.5,1.0,0.4667796610169491,0.00027976689576134593,imperfect_pt
0.5,1.0,0.4750847457627118,0.0002544388416360534,imperfect_pt
0.5,1.0,0.48338983050847456,0.00023166721670668218,imperfect_pt
0.5,1.0,0.49169491525423725,0.00021116112571548028,imperfect_pt
0.5,1.0,0.5,0.00019265464046629613,imperfect_pt
1.0,1.0,0.01,0.9199579251316471,imperfect_pt
1.0,1.0,0.01830508474576271,0.8421893504421961,imperfect_pt
1.0,1.0,0.02661016949152542,0.7630390726019115,imperfect_pt
1.0,1.0,0.03491525423728813,0.682366543720553,imperfect_pt
1.0,1.0,0.043220338983050846,0.6008918246197219,imperfect_pt
1.0,1.0,0.05152542372881356,0.5198295120122469,imperfect_pt
1.0,1.0,0.059830508474576265,0.44097852366794815,imperfect_pt
1.0,1.0,0.06813559322033898,0.3664043553963964,imperfect_pt
1.0,1.0,0.07644067796610168,0.29786085883141633,imperfect_pt
1.0,1.0,0.08474576271186439,0.23650269045180794,imperfect_pt
1.0,1.0,0.09305084745762711,0.1829410352238362,imperfect_pt
1.0,1.0,0.10135593220338981,0.1374131312399208,imperfect_pt
1.0,1.0,0.10966101694915252,0.0998730638734183,imperfect_pt
1.0,1.0,0.11796610169491524,0.07000322495040533,imperfect_pt
1.0,1.0,0.12627118644067795,0.04723177907446457,imperfect_pt
1.0,1.0,0.13457627118644067,0.030722608887427186,imperfect_pt
1.0,1.0,0.14288135593220339,0.019390919037751208,imperfect_pt
1.0,1.0,0.1511864406779661,0.01201524587788662,imperfect_pt
1.0,1.0,0.1594915254237288,0.007418878116045024,imperfect_pt
1.0,1.0,0.16779661016949152,0.004631761089415014,imperfect_pt
1.0,1.0,0.17610169491525424,0.0029564598790911825,imperfect_pt
1.0,1.0,0.18440677966101693,0.00194179743692314,imperfect_pt
1.0,1.0,0.19271186440677965,0.0013154542471336891,imperfect_pt
1.0,1.0,0.20101694915254237,0.0009188257642071749,imperfect_pt
1.0,1.0,0.20932203389830506,0.0006604880159133902,imperfect_pt
1.0,1.0,0.21762711864406778,0.0004873921541798862,imperfect_pt
1.0,1.0,0.2259322033898305,0.0003682188954622743,imperfect_pt
1.0,1.0,0.23423728813559322,0.00028407179031176064,imperfect_pt
1.0,1.0,0.2425423728813559,0.00022326846653666265,imperfect_pt
1.0,1.0,0.25084745762711863,0.00017839399361364527,imperfect_pt
1.0,1.0,0.2591525423728813,0.00014464395520001475,imperfect_pt
1.0,1.0,0.26745762711864407,0.00011881600709521096,imperfect_pt
1.0,1.0,0.27576271186440676,9.874506295827315e-05,imperfect_pt
1.0,1.0,0.28406779661016945,8.292134912105118e-05,imperfect_pt
1.0,1.0,0.2923728813559322,7.02890850369859e-05,imperfect_pt
1.0,1.0,0.3006779661016949,6.0087137883727435e-05,imperfect_pt
1.0,1.0,0.3089830508474576,5.175892900789922e-05,imperfect_pt
1.0,1.0,0.31728813559322033,4.4895770109179615e-05,imperfect_pt
1.0,1.0,0.325593220338983,3.918703107438132e-05,imperfect_pt
1.0,1.0,0.3338983050847457,3.440220474207388e-05,imperfect_pt
1.0,1.0,0.34220338983050846,3.0361796899302056e-05,imperfect_pt
1.0,1.0,0.35050847457627116,2.692413003958694e-05,imperfect_pt
1.0,1.0,0.35881355932203385,2.398261327380095e-05,imperfect_pt
1.0,1.0,0.3671186440677966,2.1449745596027238e-05,imperfect_pt
1.0,1.0,0.3754237288135593,1.925671084156272e-05,imperfect_pt
1.0,1.0,0.383728813559322,1.734814767314383e-05,imperfect_pt
1.0,1.0,0.3920338983050847,1.5679182657524428e-05,imperfect_pt
1.0,1.0,0.4003389830508474,1.4213192350657743e-05,imperfect_pt
1.0,1.0,0.4086440677966101,1.2920967488311272e-05,imperfect_pt
1.0,1.0,0.41694915254237286,1.1776665186277856e-05,imperfect_pt
1.0,1.0,0.42525423728813555,1.0758829334110485e-05,imperfect_pt
1.0,1.0,0.4335593220338983,9.851784866537e-06,imperfect_pt
1.0,1.0,0.441864406779661,9.040155170660466e-06,imperfect_pt
1.0,1.0,0.4501694915254237,8.311658149484489e-06,imperfect_pt
1.0,1.0,0.45847457627118643,7.65586824173525e-06,imperfect_pt
1.0,1.0,0.4667796610169491,7.063896492656809e-06,imperfect_pt
1.0,1.0,0.4750847457627118,6.528132118908416e-06,imperfect_pt
1.0,1.0,0.48338983050847456,6.042032665759106e-06,imperfect_pt
1.0,1.0,0.49169491525423725,5.5999570149805e-06,imperfect_pt
1.0,1.0,0.5,5.197321861933529e-06,imperfect_pt
0.01,0.0,0.01,1.075340258086629,imperfect_pt
0.01,0.0,0.01830508474576271,1.0845980920149165,imperfect_pt
0.01,0.0,0.02661016949152542,1.0833963449265285,imperfect_pt
0.01,0.0,0.03491525423728813,1.0761337284624768,imperfect_pt
0.01,0.0,0.043220338983050846,1.064641507681669,imperfect_pt
0.01,0.0,0.05152542372881356,1.0498438864541626,imperfect_pt
0.01,0.0,0.059830508474576265,1.0323035898984647,imperfect_pt
0.01,0.0,0.06813559322033898,1.0124611653958013,imperfect_pt
0.01,0.0,0.07644067796610168,0.9906980802610468,imperfect_pt
0.01,0.0,0.08474576271186439,0.9673304315103854,imperfect_pt
0.01,0.0,0.09305084745762711,0.9426082841847743,imperfect_pt
0.01,0.0,0.10135593220338981,0.9167288540622017,imperfect_pt
0.01,0.0,0.10966101694915252,0.8898573563522703,imperfect_pt
0.01,0.0,0.11796610169491524,0.8621490597720247,imperfect_pt
0.01,0.0,0.12627118644067795,0.8337589225523169,imperfect_pt
0.01,0.0,0.13457627118644067,0.8048378781581799,imperfect_pt
0.01,0.0,0.14288135593220339,0.7755259550248021,imperfect_pt
0.01,0.0,0.1511864406779661,0.745947599503886,imperfect_pt
0.01,0.0,0.1594915254237288,0.7162102804493984,imperfect_pt
0.01,0.0,0.16779661016949152,0.6864070387769216,imperfect_pt
0.01,0.0,0.17610169491525424,0.6566216390041434,imperfect_pt
0.01,0.0,0.18440677966101693,0.6269330184608353,imperfect_pt
0.01,0.0,0.19271186440677965,0.5974162155772991,imperfect_pt
0.01,0.0,0.20101694915254237,0.5681423540607436,imperfect_pt
0.01,0.0,0.20932203389830506,0.5391797109474293,imperfect_pt
0.01,0.0,0.21762711864406778,0.5105955923182169,imperfect_pt
0.01,0.0,0.2259322033898305,0.48245735548096047,imperfect_pt
0.01,0.0,0.23423728813559322,0.4548313426362481,imperfect_pt
0.01,0.0,0.2425423728813559,0.42778254407963306,imperfect_pt
0.01,0.0,0.25084745762711863,0.4013742126693183,imperfect_pt
0.01,0.0,0.2591525423728813,0.3756683936924532,imperfect_pt
0.01,0.0,0.26745762711864407,0.35072407033660186,imperfect_pt
0.01,0.0,0.27576271186440676,0.3265908595694006,imperfect_pt
0.01,0.0,0.28406779661016945,0.3033072297054292,imperfect_pt
0.01,0.0,0.2923728813559322,0.28090459844964977,imperfect_pt
0.01,0.0,0.3006779661016949,0.2594117086756127,imperfect_pt
0.01,0.0,0.3089830508474576,0.2388563349388278,imperfect_pt
0.01,0.0,0.31728813559322033,0.2192633785361047,imperfect_pt
0.01,0.0,0.325593220338983,0.20065379137379086,imperfect_pt
0.01,0.0,0.3338983050847457,0.18304716471431565,imperfect_pt
0.01,0.0,0.34220338983050846,0.1664574462382101,imperfect_pt
0.01,0.0,0.35050847457627116,0.15088434218219732,imperfect_pt
0.01,0.0,0.35881355932203385,0.13631732548034683,imperfect_pt
0.01,0.0,0.3671186440677966,0.12274645709826891,imperfect_pt
0.01,0.0,0.3754237288135593,0.1101651521392248,imperfect_pt
0.01,0.0,0.383728813559322,0.09856010916809872,imperfect_pt
0.01,0.0,0.3920338983050847,0.08790341947099539,imperfect_pt
0.01,0.0,0.4003389830508474,0.0781573625199991,imperfect_pt
0.01,0.0,0.4086440677966101,0.06928216650964591,imperfect_pt
0.01,0.0,0.41694915254237286,0.06123771946388922,imperfect_pt
0.01,0.0,0.42525423728813555,0.05398273956466694,imperfect_pt
0.01,0.0,0.4335593220338983,0.047472072283901386,imperfect_pt
0.01,0.0,0.441864406779661,0.041654625542546765,imperfect_pt
0.01,0.0,0.4501694915254237,0.03647475392520182,imperfect_pt
0.01,0.0,0.45847457627118643,0.03187760151903826,imperfect_pt
0.01,0.0,0.4667796610169491,0.027812329155430967,imperfect_pt
0.01,0.0,0.4750847457627118,0.02423142010008936,imperfect_pt
0.01,0.0,0.48338983050847456,0.02108930948293155,imperfect_pt
0.01,0.0,0.49169491525423725,0.018341866806277207,imperfect_pt
0.01,0.0,0.5,0.01594649830639158,imperfect_pt
0.5,0.0,0.01,1.097964937893582,imperfect_pt
0.5,0.0,0.01830508474576271,1.1676053178759782,imperfect_pt
0.5,0.0,0.02661016949152542,1.2271484451548762,imperfect_pt
0.5,0.0,0.03491525423728813,1.2714594605694105,imperfect_pt
0.5,0.0,0.043220338983050846,1.3001013850554866,imperfect_pt
0.5,0.0,0.05152542372881356,1.315237592122571,imperfect_pt
0.5,0.0,0.059830508474576265,1.319678281021588,imperfect_pt
0.5,0.0,0.06813559322033898,1.3159511765246177,imperfect_pt
0.5,0.0,0.07644067796610168,1.3060274009467165,imperfect_pt
0.5,0.0,0.08474576271186439,1.2913395616143395,imperfect_pt
0.5,0.0,0.09305084745762711,1.2729106944192925,imperfect_pt
0.5,0.0,0.10135593220338981,1.2514914724300614,imperfect_pt
0.5,0.0,0.10966101694915252,1.2276547479209468,imperfect_pt
0.5,0.0,0.11796610169491524,1.201846861786167,imperfect_pt
0.5,0.0,0.12627118644067795,1.1744171137197141,imperfect_pt
0.5,0.0,0.13457627118644067,1.145640371532571,imperfect_pt
0.5,0.0,0.14288135593220339,1.11573813331025,imperfect_pt
0.5,0.0,0.1511864406779661,1.0848970782457872,imperfect_pt
0.5,0.0,0.1594915254237288,1.0532819629046855,imperfect_pt
0.5,0.0,0.16779661016949152,1.0210423771492947,imperfect_pt
0.5,0.0,0.17610169491525424,0.988315984535939,imperfect_pt
0.5,0.0,0.18440677966101693,0.9552300837907606,imperfect_pt
0.5,0.0,0.19271186440677965,0.9219020766577835,imperfect_pt
0.5,0.0,0.20101694915254237,0.8884393445079957,imperfect_pt
0.5,0.0,0.20932203389830506,0.854939242472804,imperfect_pt
0.5,0.0,0.21762711864406778,0.821489598758956,imperfect_pt
0.5,0.0,0.2259322033898305,0.7881700946734973,imperfect_pt
0.5,0.0,0.23423728813559322,0.755053471964302,imperfect_pt
0.5,0.0,0.2425423728813559,0.7222072114842631,imperfect_pt
0.5,0.0,0.25084745762711863,0.6896944484053316,imperfect_pt
0.5,0.0,0.2591525423728813,0.6575746445205363,imperfect_pt
0.5,0.0,0.26745762711864407,0.6259038568818966,imperfect_pt
0.5,0.0,0.27576271186440676,0.5947355248392515,imperfect_pt
0.5,0.0,0.28406779661016945,0.5641218780372207,imperfect_pt
0.5,0.0,0.2923728813559322,0.5341146872981394,imperfect_pt
0.5,0.0,0.3006779661016949,0.5047651203782885,imperfect_pt
0.5,0.0,0.3089830508474576,0.47612220882599876,imperfect_pt
0.5,0.0,0.31728813559322033,0.44823215106266817,imperfect_pt
0.5,0.0,0.325593220338983,0.42113616053096375,imperfect_pt
0.5,0.0,0.3338983050847457,0.39486866606394533,imperfect_pt
0.5,0.0,0.34220338983050846,0.3694570476708061,imperfect_pt
0.5,0.0,0.35050847457627116,0.3449238087435249,imperfect_pt
0.5,0.0,0.35881355932203385,0.3212897484238466,imperfect_pt
0.5,0.0,0.3671186440677966,0.29857629950489106,imperfect_pt
0.5,0.0,0.3754237288135593,0.2768051453882161,imperfect_pt
0.5,0.0,0.383728813559322,0.2559957033249658,imperfect_pt
0.5,0.0,0.3920338983050847,0.23616254324559308,imperfect_pt
0.5,0.0,0.4003389830508474,0.21731588235064447,imperfect_pt
0.5,0.0,0.4086440677966101,0.19946028642241764,imperfect_pt
0.5,0.0,0.41694915254237286,0.18259098342835045,imperfect_pt
0.5,0.0,0.42525423728813555,0.166697826623592,imperfect_pt
0.5,0.0,0.4335593220338983,0.1517709500325322,imperfect_pt
0.5,0.0,0.441864406779661,0.13780295148312222,imperfect_pt
0.5,0.0,0.4501694915254237,0.12478314984494177,imperfect_pt
0.5,0.0,0.45847457627118643,0.11269204935552689,imperfect_pt
0.5,0.0,0.4667796610169491,0.10150025220486167,imperfect_pt
0.5,0.0,0.4750847457627118,0.09117418574401846,imperfect_pt
0.5,0.0,0.48338983050847456,0.0816806873360553,imperfect_pt
0.5,0.0,0.49169491525423725,0.07298728369819632,imperfect_pt
0.5,0.0,0.5,0.0650599946282671,imperfect_pt
1.0,0.0,0.01,1.1320920702879287,imperfect_pt
1.0,0.0,0.01830508474576271,1.2508230441981518,imperfect_pt
1.0,0.0,0.02661016949152542,1.3801014188069727,imperfect_pt
1.0,0.0,0.03491525423728813,1.500042452253112,imperfect_pt
1.0,0.0,0.043220338983050846,1.583119606992762,imperfect_pt
1.0,0.0,0.05152542372881356,1.6206249515172264,imperfect_pt
1.0,0.0,0.059830508474576265,1.6234853369067226,imperfect_pt
1.0,0.0,0.06813559322033898,1.604921868254502,imperfect_pt
1.0,0.0,0.07644067796610168,1.5739855127914195,imperfect_pt
1.0,0.0,0.08474576271186439,1.5360377348452574,imperfect_pt
1.0,0.0,0.09305084745762711,1.49415314913846,imperfect_pt
1.0,0.0,0.10135593220338981,1.4500880383204242,imperfect_pt
1.0,0.0,0.10966101694915252,1.4048555274769412,imperfect_pt
1.0,0.0,0.11796610169491524,1.359058433117614,imperfect_pt
1.0,0.0,0.12627118644067795,1.3130649624170436,imperfect_pt
1.0,0.0,0.13457627118644067,1.2670967636612904,imperfect_pt
1.0,0.0,0.14288135593220339,1.2212881148364862,imperfect_pt
1.0,0.0,0.1511864406779661,1.1757342600787783,imperfect_pt
1.0,0.0,0.1594915254237288,1.1305181611724815,imperfect_pt
1.0,0.0,0.16779661016949152,1.0857178137614423,imperfect_pt
1.0,0.0,0.17610169491525424,1.0414036265762678,imperfect_pt
1.0,0.0,0.18440677966101693,0.9976327691145492,imperfect_pt
1.0,0.0,0.19271186440677965,0.9544467161577784,imperfect_pt
1.0,0.0,0.20101694915254237,0.9118747224031635,imperfect_pt
1.0,0.0,0.20932203389830506,0.8699402316966262,imperfect_pt
1.0,0.0,0.21762711864406778,0.8286626465040628,imperfect_pt
1.0,0.0,0.2259322033898305,0.7880560657357429,imperfect_pt
1.0,0.0,0.23423728813559322,0.7481319639007961,imperfect_pt
1.0,0.0,0.2425423728813559,0.7089054404722012,imperfect_pt
1.0,0.0,0.25084745762711863,0.6703997789302444,imperfect_pt
1.0,0.0,0.2591525423728813,0.6326480651117778,imperfect_pt
1.0,0.0,0.26745762711864407,0.5956911007940833,imperfect_pt
1.0,0.0,0.27576271186440676,0.5595732557246295,imperfect_pt
1.0,0.0,0.28406779661016945,0.5243434252780759,imperfect_pt
1.0,0.0,0.2923728813559322,0.4900619004042219,imperfect_pt
1.0,0.0,0.3006779661016949,0.4568044486269695,imperfect_pt
1.0,0.0,0.3089830508474576,0.424655536432572,imperfect_pt
1.0,0.0,0.31728813559322033,0.3936857360306285,imperfect_pt
1.0,0.0,0.325593220338983,0.36393581293236105,imperfect_pt
1.0,0.0,0.3338983050847457,0.33542309253869584,imperfect_pt
1.0,0.0,0.34220338983050846,0.3081558680503963,imperfect_pt
1.0,0.0,0.35050847457627116,0.28213989439141207,imperfect_pt
1.0,0.0,0.35881355932203385,0.257375683876516,imperfect_pt
1.0,0.0,0.3671186440677966,0.233863476325472,imperfect_pt
1.0,0.0,0.3754237288135593,0.21162159111363935,imperfect_pt
1.0,0.0,0.383728813559322,0.1906751399473349,imperfect_pt
1.0,0.0,0.3920338983050847,0.17103681978810323,imperfect_pt
1.0,0.0,0.4003389830508474,0.15271052524802933,imperfect_pt
1.0,0.0,0.4086440677966101,0.13569834825768756,imperfect_pt
1.0,0.0,0.41694915254237286,0.11999623383354999,imperfect_pt
1.0,0.0,0.42525423728813555,0.10558330895588959,imperfect_pt
1.0,0.0,0.4335593220338983,0.09242483537622784,imperfect_pt
1.0,0.0,0.441864406779661,0.08048541999256943,imperfect_pt
1.0,0.0,0.4501694915254237,0.06972528629958136,imperfect_pt
1.0,0.0,0.45847457627118643,0.060095710802982184,imperfect_pt
1.0,0.0,0.4667796610169491,0.051541594127714134,imperfect_pt
1.0,0.0,0.4750847457627118,0.04399655521322043,imperfect_pt
1.0,0.0,0.48338983050847456,0.03738218047527195,imperfect_pt
1.0,0.0,0.49169491525423725,0.03161843542042776,imperfect_pt
1.0,0.0,0.5,0.026630446403878745,imperfect_pt
1.0,1.0,0.01,0.9199579251316471,oracle_original
1.0,1.0,0.01830508474576271,0.8421893504421961,oracle_original
1.0,1.0,0.02661016949152542,0.7630390726019115,oracle_original
1.0,1.0,0.03491525423728813,0.682366543720553,oracle_original
1.0,1.0,0.043220338983050846,0.6008918246197219,oracle_original
1.0,1.0,0.05152542372881356,0.5198295120122468,oracle_original
1.0,1.0,0.059830508474576265,0.44097852366794815,oracle_original
1.0,1.0,0.06813559322033898,0.3664043553963963,oracle_original
1.0,1.0,0.07644067796610168,0.29786085883141633,oracle_original
1.0,1.0,0.08474576271186439,0.23650269045180788,oracle_original
1.0,1.0,0.09305084745762711,0.18294103522383615,oracle_original
1.0,1.0,0.10135593220338981,0.1374131312399208,oracle_original
1.0,1.0,0.10966101694915252,0.09987306387341825,oracle_original
1.0,1.0,0.11796610169491524,0.07000322495040533,oracle_original
1.0,1.0,0.12627118644067795,0.047231779074464554,oracle_original
1.0,1.0,0.13457627118644067,0.030722608887427186,oracle_original
1.0,1.0,0.14288135593220339,0.019390919037751208,oracle_original
1.0,1.0,0.1511864406779661,0.012015245877886618,oracle_original
1.0,1.0,0.1594915254237288,0.007418878116045022,oracle_original
1.0,1.0,0.16779661016949152,0.004631761089415012,oracle_original
1.0,1.0,0.17610169491525424,0.0029564598790911807,oracle_original
1.0,1.0,0.18440677966101693,0.0019417974369231388,oracle_original
1.0,1.0,0.19271186440677965,0.0013154542471336887,oracle_original
1.0,1.0,0.20101694915254237,0.0009188257642071749,oracle_original
1.0,1.0,0.20932203389830506,0.0006604880159133903,oracle_original
1.0,1.0,0.21762711864406778,0.0004873921541798862,oracle_original
1.0,1.0,0.2259322033898305,0.00036821889546227434,oracle_original
1.0,1.0,0.23423728813559322,0.0002840717903117605,oracle_original
1.0,1.0,0.2425423728813559,0.00022326846653666265,oracle_original
1.0,1.0,0.25084745762711863,0.00017839399361364546,oracle_original
1.0,1.0,0.2591525423728813,0.00014464395520001475,oracle_original
1.0,1.0,0.26745762711864407,0.00011881600709521098,oracle_original
1.0,1.0,0.27576271186440676,9.874506295827315e-05,oracle_original
1.0,1.0,0.28406779661016945,8.292134912105119e-05,oracle_original
1.0,1.0,0.2923728813559322,7.028908503698592e-05,oracle_original
1.0,1.0,0.3006779661016949,6.0087137883727394e-05,oracle_original
1.0,1.0,0.3089830508474576,5.175892900789922e-05,oracle_original
1.0,1.0,0.31728813559322033,4.4895770109179615e-05,oracle_original
1.0,1.0,0.325593220338983,3.918703107438131e-05,oracle_original
1.0,1.0,0.3338983050847457,3.440220474207388e-05,oracle_original
1.0,1.0,0.34220338983050846,3.0361796899302056e-05,oracle_original
1.0,1.0,0.35050847457627116,2.692413003958694e-05,oracle_original
1.0,1.0,0.35881355932203385,2.3982613273800953e-05,oracle_original
1.0,1.0,0.3671186440677966,2.144974559602724e-05,oracle_original
1.0,1.0,0.3754237288135593,1.9256710841562726e-05,oracle_original
1.0,1.0,0.383728813559322,1.734814767314383e-05,oracle_original
1.0,1.0,0.3920338983050847,1.5679182657524428e-05,oracle_original
1.0,1.0,0.4003389830508474,1.4213192350657743e-05,oracle_original
1.0,1.0,0.4086440677966101,1.2920967488311269e-05,oracle_original
1.0,1.0,0.41694915254237286,1.177666518627786e-05,oracle_original
1.0,1.0,0.42525423728813555,1.0758829334110486e-05,oracle_original
1.0,1.0,0.4335593220338983,9.851784866537003e-06,oracle_original
1.0,1.0,0.441864406779661,9.040155170660466e-06,oracle_original
1.0,1.0,0.4501694915254237,8.311658149484489e-06,oracle_original
1.0,1.0,0.45847457627118643,7.655868241735251e-06,oracle_original
1.0,1.0,0.4667796610169491,7.063896492656809e-06,oracle_original
1.0,1.0,0.4750847457627118,6.528132118908416e-06,oracle_original
1.0,1.0,0.48338983050847456,6.042032665759108e-06,oracle_original
1.0,1.0,0.49169491525423725,5.599957014980501e-06,oracle_original
1.0,1.0,0.5,5.19732186193353e-06,oracle_original
