alpha_pt,alpha,mse_best,mse_fwd,mse_bwd,diff_db,fp_residual,mse_se,mse_rel_se,mse_se_db,rho_pt,rho_ft,omega,c_pt,lambda_pt,gamma_reinit,reliability_score_db,s2_pt,gp_pt,pt_oracle
0.01,0.01,1.073176904901123,1.0731769049093816,1.073176904901123,3.342059962108124e-11,7.89492233366218e-07,0.0180633942205125,0.016831702339118793,0.07309915446917348,0.1,0.1,1.0,0.001,0.0,0.0,29.53191426519366,10.322615421891747,2.64163502797455,False
0.01,0.03518987341772152,1.0692740843557715,1.0692740912945695,1.0692740843557715,2.818249977831755e-08,9.236358025077607e-07,0.01683598775139125,0.01574524997632837,0.06838075180906716,0.1,0.1,1.0,0.001,0.0,0.0,29.53191426519366,10.322615421891747,2.64163502797455,False
0.01,0.06037974683544304,1.0224526382795909,1.0224526588064005,1.0224526382795909,8.718917346439703e-08,8.52211353929988e-07,0.015160411559781636,0.014827495174046393,0.06439499334535445,0.1,0.1,1.0,0.001,0.0,0.0,29.53191426519366,10.322615421891747,2.64163502797455,False
0.01,0.08556962025316454,0.9547436955914383,0.9547437477126994,0.9547436955914383,2.370895515191318e-07,9.593824525921946e-07,0.013389844424392994,0.014024543431102042,0.06090781823340115,0.1,0.1,1.0,0.001,0.0,0.0,29.53191426519366,10.322615421891747,2.64163502797455,False
0.01,0.11075949367088607,0.8751664356128643,0.8751665340201442,0.8751664356128643,4.883383832865462e-07,9.312276860740099e-07,0.011675768260928294,0.013341197497767325,0.05794008455261818,0.1,0.1,1.0,0.001,0.0,0.0,29.53191426519366,10.322615421891747,2.64163502797455,False
0.01,0.1359493670886076,0.7888120548977616,0.7888122160827205,0.7888120548977616,8.87432317853154e-07,9.450152855805527e-07,0.010131725287978083,0.01284428302669799,0.05578201242498534,0.1,0.1,1.0,0.001,0.0,0.0,29.53191426519366,10.322615421891747,2.64163502797455,False
0.01,0.1611392405063291,0.6993687003942828,0.6993689566296919,0.6993687003942828,1.5911722071049184e-06,9.883269891375335e-07,0.00873476941973012,0.012489505771141492,0.05424123438105567,0.1,0.1,1.0,0.001,0.0,0.0,29.53191426519366,10.322615421891747,2.64163502797455,False
0.01,0.18632911392405063,0.6095183428824738,0.609518722391266,0.6095183428824738,2.704078144954991e-06,9.434099772498428e-07,0.007418002521953479,0.012170269539179077,0.05285480904140704,0.1,0.1,1.0,0.001,0.0,0.0,29.53191426519366,10.322615421891747,2.64163502797455,False
0.01,0.21151898734177216,0.5215169249404397,0.5215174651374354,0.5215169249404397,4.498501230187912e-06,9.591517589058185e-07,0.006154687985895746,0.011801511497634804,0.05125331321540576,0.1,0.1,1.0,0.001,0.0,0.0,29.53191426519366,10.322615421891747,2.64163502797455,False
0.01,0.23670886075949368,0.43730349461884943,0.4373042485009799,0.43730349461884943,7.486941473899833e-06,9.316345541687809e-07,0.004978856211347696,0.011385356560407163,0.04944597528685817,0.1,0.1,1.0,0.001,0.0,0.0,29.53191426519366,10.322615421891747,2.64163502797455,False
0.01,0.2618987341772152,0.3586702852428091,0.3586713109459718,0.3586702852428091,1.2419668007801477e-05,9.509639031790584e-07,0.003928672385044404,0.01095343703308126,0.047570172613419164,0.1,0.1,1.0,0.001,0.0,0.0,29.53191426519366,10.322615421891747,2.64163502797455,False
0.01,0.2870886075949367,0.2871705878109139,0.28717195321404404,0.2871705878109139,2.064924683864433e-05,9.299857592903749e-07,0.003026103571586519,0.010537651486715075,0.04576443892899954,0.1,0.1,1.0,0.001,0.0,0.0,29.53191426519366,10.322615421891747,2.64163502797455,False
0.01,0.3122784810126582,0.22393159616303865,0.22393342219970136,0.22393159616303865,3.541413657526249e-05,9.97396612301138e-07,0.002282208622878823,0.010191543587342661,0.04426131142059389,0.1,0.1,1.0,0.001,0.0,0.0,29.53191426519366,10.322615421891747,2.64163502797455,False
0.01,0.33746835443037976,0.16970116965615345,0.16970352782184805,0.16970116965615345,6.034909688601431e-05,9.794773806470758e-07,0.00168641078269439,0.00993753187506825,0.04315815257079816,0.1,0.1,1.0,0.001,0.0,0.0,29.53191426519366,10.322615421891747,2.64163502797455,False
0.01,0.36265822784810126,0.12481762720062066,0.12482056591453294,0.12481762720062066,0.00010224935696889759,9.70820037748954e-07,0.0012242404845285325,0.00980823391683931,0.0425966186729963,0.1,0.1,1.0,0.001,0.0,0.0,29.53191426519366,10.322615421891747,2.64163502797455,False
0.01,0.3878481012658228,0.08906783866030096,0.08907152193091994,0.08906783866030096,0.00017959243820087067,9.812617934590318e-07,0.0008715956982655429,0.009785751078902376,0.04249897694846094,0.1,0.1,1.0,0.001,0.0,0.0,29.53191426519366,10.322615421891747,2.64163502797455,False
0.01,0.4130379746835443,0.061774387225584294,0.06177881449159804,0.061774387225584294,0.0003112403683278586,9.663400058201876e-07,0.0006036308991680168,0.009771540055326019,0.04243725925724685,0.1,0.1,1.0,0.001,0.0,0.0,29.53191426519366,10.322615421891747,2.64163502797455,False
0.01,0.4382278481012658,0.04180250261917123,0.04180785105240165,0.04180250261917123,0.0005556237810182552,9.954205934109561e-07,0.00040483420122111753,0.009684448917071646,0.04205902724958138,0.1,0.1,1.0,0.001,0.0,0.0,29.53191426519366,10.322615421891747,2.64163502797455,False
0.01,0.46341772151898736,0.027759827334782324,0.02776591736657237,0.027759827334782324,0.0009526633909597848,9.676872462505148e-07,0.0002646095676327633,0.00953210423255099,0.04139740269123526,0.1,0.1,1.0,0.001,0.0,0.0,29.53191426519366,10.322615421891747,2.64163502797455,False
0.01,0.48860759493670886,0.01820564164100935,0.018212614400481247,0.01820564164100935,0.0016630291114658746,9.961924236148723e-07,0.00016974909956658568,0.009323983351633989,0.04049354518972428,0.1,0.1,1.0,0.001,0.0,0.0,29.53191426519366,10.322615421891747,2.64163502797455,False
0.01,0.5137974683544304,0.011897739988522943,0.01190390759626815,0.011897739988522943,0.0022507333248213968,9.873322912440363e-07,0.00010815726555354571,0.009090572298426317,0.03947985386549109,0.1,0.1,1.0,0.001,0.0,0.0,29.53191426519366,10.322615421891747,2.64163502797455,False
0.01,0.5389873417721519,0.007789057662785802,0.007794504491387443,0.007789057662785802,0.003035926803498512,9.951302606045487e-07,6.896204691696528e-05,0.008853708613103346,0.038451167950500756,0.1,0.1,1.0,0.001,0.0,0.0,29.53191426519366,10.322615421891747,2.64163502797455,False
0.01,0.5641772151898734,0.00512253475865177,0.005127175314113126,0.00512253475865177,0.00393253614635114,9.753025688036265e-07,4.40942398619743e-05,0.008607894712183413,0.03738361174305435,0.1,0.1,1.0,0.001,0.0,0.0,29.53191426519366,10.322615421891747,2.64163502797455,False
0.01,0.5893670886075949,0.0033923362884845957,0.0033963542045074555,0.0033923362884845957,0.005140782196590976,9.766181432516174e-07,2.8320215825226766e-05,0.008348292567974681,0.036256173955853316,0.1,0.1,1.0,0.001,0.0,0.0,29.53191426519366,10.322615421891747,2.64163502797455,False
0.01,0.6145569620253164,0.0022646460668511136,0.0022681157413203808,0.0022646460668511136,0.006648753382965111,9.889156797025789e-07,1.8309289931866815e-05,0.00808483506534204,0.035111992559759636,0.1,0.1,1.0,0.001,0.0,0.0,29.53191426519366,10.322615421891747,2.64163502797455,False
0.01,0.639746835443038,0.0015243790451524664,0.001527401453581254,0.0015243790451524664,0.00860229451221528,9.940406948162617e-07,1.1924946430104185e-05,0.007822822327573696,0.03397408569774808,0.1,0.1,1.0,0.001,0.0,0.0,29.53191426519366,10.322615421891747,2.64163502797455,False
0.01,0.6649367088607595,0.0010340031616568694,0.0010366486516728282,0.0010340031616568694,0.011097204596069332,9.85138947251496e-07,7.823168701355978e-06,0.007565904043098149,0.03285830376527029,0.1,0.1,1.0,0.001,0.0,0.0,29.53191426519366,10.322615421891747,2.64163502797455,False
0.01,0.690126582278481,0.0007056110480855711,0.0007079392558921704,0.0007056110480855711,0.01430622899831846,9.859415280553951e-07,5.165112469330437e-06,0.007320056117806211,0.031790599791853766,0.1,0.1,1.0,0.001,0.0,0.0,29.53191426519366,10.322615421891747,2.64163502797455,False
0.01,0.7153164556962025,0.00048376780111420743,0.0004858365494776181,0.00048376780111420743,0.018532246920059947,9.764989838314392e-07,3.4273506614189654e-06,0.0070847019035271425,0.03076846942631302,0.1,0.1,1.0,0.001,0.0,0.0,29.53191426519366,10.322615421891747,2.64163502797455,False
0.01,0.740506329113924,0.0003324792617581109,0.00033434998580922793,0.0003324792617581109,0.02436747538978068,9.865446915693216e-07,2.2813029365007944e-06,0.0068614894187310664,0.029799069921924527,0.1,0.1,1.0,0.001,0.0,0.0,29.53191426519366,10.322615421891747,2.64163502797455,False
0.01,0.7656962025316456,0.0002284819873216623,0.0002301853171857448,0.0002284819873216623,0.03225650288367632,9.929701671653607e-07,1.5191426689334214e-06,0.00664885090829824,0.02887559260471349,0.1,0.1,1.0,0.001,0.0,0.0,29.53191426519366,10.322615421891747,2.64163502797455,False
0.01,0.7908860759493671,0.0001565225057616711,0.00015810762106625967,0.0001565225057616711,0.04376012312042121,9.988080330531127e-07,1.0089143765112342e-06,0.006445810278858282,0.02799379835503412,0.1,0.1,1.0,0.001,0.0,0.0,29.53191426519366,10.322615421891747,2.64163502797455,False
0.01,0.8160759493670886,0.00010648908702877738,0.00010797283804957103,0.00010648908702877738,0.060094132061422556,9.890659199403642e-07,6.658229365056789e-07,0.0062524992474181735,0.027154259212579468,0.1,0.1,1.0,0.001,0.0,0.0,29.53191426519366,10.322615421891747,2.64163502797455,False
0.01,0.8412658227848101,7.156256433744437e-05,7.298575754214278e-05,7.156256433744437e-05,0.08552225593876983,9.94177093524562e-07,4.3433603932548034e-07,0.006069319110441917,0.02635871798574877,0.1,0.1,1.0,0.001,0.0,0.0,29.53191426519366,10.322615421891747,2.64163502797455,False
0.01,0.8664556962025316,4.715490134798931e-05,4.852961360228555e-05,4.715490134798931e-05,0.12479992822210306,9.931183844102617e-07,2.7806106984752486e-07,0.0058967585955808895,0.02560929719176349,0.1,0.1,1.0,0.001,0.0,0.0,29.53191426519366,10.322615421891747,2.64163502797455,False
0.01,0.8916455696202532,3.01231745430181e-05,3.1463990494973e-05,3.01231745430181e-05,0.18913063963374555,9.894028411630562e-07,1.7275965847491967e-07,0.005735107972375429,0.024907257455219958,0.1,0.1,1.0,0.001,0.0,0.0,29.53191426519366,10.322615421891747,2.64163502797455,False
0.01,0.9168354430379747,1.829839232044035e-05,1.9609150708864657e-05,1.829839232044035e-05,0.3004584966298296,9.93285825679445e-07,1.021818543956805e-07,0.005584198469804232,0.024251865812885604,0.1,0.1,1.0,0.001,0.0,0.0,29.53191426519366,10.322615421891747,2.64163502797455,False
0.01,0.9420253164556962,1.0085705500032915e-05,1.144930385717593e-05,1.0085705500032915e-05,0.5507279869739108,9.98851362777036e-07,5.48907033440329e-08,0.005442425752353543,0.02363615472415297,0.1,0.1,1.0,0.001,0.0,0.0,29.53191426519366,10.322615421891747,2.64163502797455,False
0.01,0.9672151898734177,3.8914124201461186e-06,5.950293662944574e-06,3.8914124201461186e-06,1.8443113916071212,9.945221479953437e-07,2.06740887234568e-08,0.005312746759101034,0.023072966012269634,0.1,0.1,1.0,0.001,0.0,0.0,29.53191426519366,10.322615421891747,2.64163502797455,False
0.01,0.9924050632911392,1.0212354267507626e-07,2.5121622655917432e-06,1.0212354267507626e-07,13.909218158124894,9.9859029433512e-07,5.382868390936125e-10,0.005270937777846831,0.022891391913742665,0.1,0.1,1.0,0.001,0.0,0.0,29.53191426519366,10.322615421891747,2.64163502797455,False
0.01,1.0175949367088608,2.7961167293818697e-10,9.448742416941866e-07,2.7961167293818697e-10,35.288187118802085,8.610685108181555e-07,1.5537129417532051e-12,0.005556681255208828,0.02413236006832429,0.1,0.1,1.0,0.001,0.0,0.0,29.53191426519366,10.322615421891747,2.64163502797455,False
0.01,1.0427848101265822,2.235376057210943e-10,4.3577678013120707e-07,2.235376057210943e-10,32.89913490685666,7.102806164666141e-07,1.2452148507201965e-12,0.005570493817822488,0.02419234726556484,0.1,0.1,1.0,0.001,0.0,0.0,29.53191426519366,10.322615421891747,2.64163502797455,False
0.01,1.0679746835443038,1.8143519397617647e-10,2.457107047770295e-07,1.8143519397617647e-10,31.317025442511593,5.923246567144264e-07,1.0134617165848105e-12,0.005585805567126541,0.02425884534787521,0.1,0.1,1.0,0.001,0.0,0.0,29.53191426519366,10.322615421891747,2.64163502797455,False
0.01,1.0931645569620254,1.493197692417061e-10,1.5835695628934552e-07,1.493197692417061e-10,30.255198356762605,4.98949166988508e-07,8.365650820928336e-13,0.0056025071987532565,0.02433137961241784,0.1,0.1,1.0,0.001,0.0,0.0,29.53191426519366,10.322615421891747,2.64163502797455,False
0.01,1.1183544303797468,1.244621031035227e-10,1.1076991013063687e-07,1.244621031035227e-10,29.493846681426874,4.24207232929667e-07,6.995390294721678e-13,0.0056204982241889224,0.024409513643122743,0.1,0.1,1.0,0.001,0.0,0.0,29.53191426519366,10.322615421891747,2.64163502797455,False
0.01,1.1435443037974684,1.0496044977098563e-10,8.093388654936167e-08,1.0496044977098563e-10,28.871047132217143,3.6375740751951494e-07,5.919438008215541e-13,0.005639684301211769,0.024492837716926678,0.1,0.1,1.0,0.001,0.0,0.0,29.53191426519366,10.322615421891747,2.64163502797455,False
0.01,1.1687341772151898,8.946825228815239e-11,6.211024825375592e-08,8.946825228815239e-11,28.414943113893244,3.143914794373189e-07,5.063881120386148e-13,0.005659975455960393,0.024580961082314404,0.1,0.1,1.0,0.001,0.0,0.0,29.53191426519366,10.322615421891747,2.64163502797455,False
0.01,1.1939240506329114,7.701769182548078e-11,4.955694510056087e-08,7.701769182548078e-11,28.08514027848858,2.737111983763323e-07,4.3755945557620373e-13,0.005681284977582776,0.02467350715884039,0.1,0.1,1.0,0.001,0.0,0.0,29.53191426519366,10.322615421891747,2.64163502797455,False
0.01,1.2191139240506328,6.690336691039719e-11,4.009643523838685e-08,6.690336691039719e-11,27.776577893374906,2.3990413606989525e-07,3.815852803904352e-13,0.005703528805979038,0.024770110878129383,0.1,0.1,1.0,0.001,0.0,0.0,29.53191426519366,10.322615421891747,2.64163502797455,False
0.01,1.2443037974683544,5.860436805189615e-11,3.320754956257898e-08,5.860436805189615e-11,27.53306842325587,2.1158638258913657e-07,3.3560525497842035e-13,0.005726625269318331,0.024870417543926743,0.1,0.1,1.0,0.001,0.0,0.0,29.53191426519366,10.322615421891747,2.64163502797455,False
0.01,1.269493670886076,5.173127913840512e-11,2.6952175681011424e-08,5.173127913840512e-11,27.168406116564142,1.876908619916381e-07,2.974804649669589e-13,0.005750495056792641,0.0249740827137697,0.1,0.1,1.0,0.001,0.0,0.0,29.53191426519366,10.322615421891747,2.64163502797455,False
0.01,1.2946835443037974,4.598961600026557e-11,2.144681453864614e-08,4.598961600026557e-11,26.687030128816815,1.6738715654822246e-07,2.6559285336769467e-13,0.005775061339197983,0.025080772722664874,0.1,0.1,1.0,0.001,0.0,0.0,29.53191426519366,10.322615421891747,2.64163502797455,False
0.01,1.319873417721519,4.115426437262636e-11,1.6738955611868865e-08,4.115426437262636e-11,26.093135145764435,1.5002334106928657e-07,2.3870502083775697e-13,0.005800249973524759,0.02519016557161285,0.1,0.1,1.0,0.001,0.0,0.0,29.53191426519366,10.322615421891747,2.64163502797455,False
0.01,1.3450632911392404,3.7051381120447824e-11,1.281966249673584e-08,3.7051381120447824e-11,25.390721903640824,1.3508335956470593e-07,2.1586096651993948e-13,0.005825989747000569,0.02530195198747269,0.1,0.1,1.0,0.001,0.0,0.0,29.53191426519366,10.322615421891747,2.64163502797455,False
0.01,1.370253164556962,3.354542605555693e-11,9.638261346905557e-09,3.354542605555693e-11,24.583653861075604,1.2215549140389822e-07,1.9631496625649205e-13,0.005852212636422059,0.025415836549225808,0.1,0.1,1.0,0.001,0.0,0.0,29.53191426519366,10.322615421891747,2.64163502797455,False
0.01,1.3954430379746836,3.052976457420297e-11,7.116983865865289e-09,3.052976457420297e-11,23.675725259731408,1.1090880897445873e-07,1.794800308025847e-13,0.005878854072600406,0.025531538836448146,0.1,0.1,1.0,0.001,0.0,0.0,29.53191426519366,10.322615421891747,2.64163502797455,False
0.01,1.420632911392405,2.7919784652928768e-11,5.164008142947911e-09,2.7919784652928768e-11,22.670748541959085,1.0107544987497652e-07,1.648901501483015e-13,0.005905853221937535,0.02564879465218012,0.1,0.1,1.0,0.001,0.0,0.0,29.53191426519366,10.322615421891747,2.64163502797455,False
0.01,1.4458227848101266,2.5647803809175358e-11,3.683982068313428e-09,2.5647803809175358e-11,21.572673246910398,9.243715964260151e-08,1.5217235218452143e-13,0.005933153314674164,0.02576735744848977,0.1,0.1,1.0,0.001,0.0,0.0,29.53191426519366,10.322615421891747,2.64163502797455,False
0.01,1.471012658227848,2.365926341774444e-11,2.585691474686948e-09,2.365926341774444e-11,20.385754838748042,8.481500090747024e-08,1.4102582078688474e-13,0.005960702085134038,0.025887000238429193,0.1,0.1,1.0,0.001,0.0,0.0,29.53191426519366,10.322615421891747,2.64163502797455,False
0.01,1.4962025316455696,2.1909857569046013e-11,1.7869800278912663e-09,2.1909857569046013e-11,19.114801443372045,7.806143450225561e-08,1.3120613991920842e-13,0.005988452435426823,0.026007518478459585,0.1,0.1,1.0,0.001,0.0,0.0,29.53191426519366,10.322615421891747,2.64163502797455,False
0.01,1.5213924050632912,2.0363345805109605e-11,1.217315534352714e-09,2.0363345805109605e-11,17.765540277503945,7.205419981188457e-08,1.225132907537334e-13,0.0060163635154195615,0.026128734758707646,0.1,0.1,1.0,0.001,0.0,0.0,29.53191426519366,10.322615421891747,2.64163502797455,False
0.01,1.5465822784810126,1.898986919936492e-11,8.185371247006722e-10,1.898986919936492e-11,16.345164082308784,6.66915851602057e-08,1.1478241387063847e-13,0.006044402553045345,0.026250506751895202,0.1,0.1,1.0,0.001,0.0,0.0,29.53191426519366,10.322615421891747,2.64163502797455,False
0.01,1.5717721518987342,1.776463742207853e-11,5.44339958257004e-10,1.776463742207853e-11,14.863138677328962,6.188880664307847e-08,1.0787661353225446e-13,0.006072548004733355,0.026372740895482975,0.1,0.1,1.0,0.001,0.0,0.0,29.53191426519366,10.322615421891747,2.64163502797455,False
0.01,1.5969620253164556,1.6666887080411228e-11,3.589971358563193e-10,1.6666887080411228e-11,13.332364906659421,5.757532515522837e-08,1.0168126157420982e-13,0.0061007950125081785,0.026495416091551816,0.1,0.1,1.0,0.001,0.0,0.0,29.53191426519366,10.322615421891747,2.64163502797455,False
0.01,1.6221518987341772,1.5679032667839543e-11,2.3571939565612347e-10,1.5679032667839543e-11,11.770760539859523,5.369304836096753e-08,9.609937623983015e-14,0.006129164871053997,0.026618624821740065,0.1,0.1,1.0,0.001,0.0,0.0,29.53191426519366,10.322615421891747,2.64163502797455,False
0.01,1.6473417721518988,1.4785942972626718e-11,1.5494159894304519e-10,1.4785942972626718e-11,10.203190065708924,5.019551870226825e-08,9.104771808614703e-14,0.006157721442230913,0.026742644434582182,0.1,0.1,1.0,0.001,0.0,0.0,29.53191426519366,10.322615421891747,2.64163502797455,False
0.01,1.6725316455696202,1.3974278292122351e-11,1.027211696180155e-10,1.3974278292122351e-11,8.663305679728552,4.7048434813730866e-08,8.64532642376334e-14,0.006186599581773698,0.02686806060109282,0.1,0.1,1.0,0.001,0.0,0.0,29.53191426519366,10.322615421891747,2.64163502797455,False
0.01,1.6977215189873418,1.323181631494066e-11,6.934857632225096e-11,1.323181631494066e-11,7.194180863969962,4.423229501178761e-08,8.224968834827552e-14,0.006216054273320252,0.02699598070114113,0.1,0.1,1.0,0.001,0.0,0.0,29.53191426519366,10.322615421891747,2.64163502797455,False
0.01,1.7229113924050632,1.2546674668946272e-11,4.820742490364744e-11,1.2546674668946272e-11,5.845852963621894,4.174879103268999e-08,7.837337240538542e-14,0.006246545357501293,0.027128401797211866,0.1,0.1,1.0,0.001,0.0,0.0,29.53191426519366,10.322615421891747,2.64163502797455,False
0.01,1.7481012658227848,1.1906302489317788e-11,3.488067410541546e-11,1.1906302489317788e-11,4.668079575744258,3.963422733065728e-08,7.475828422138875e-14,0.006278883329939006,0.027268843827068245,0.1,0.1,1.0,0.001,0.0,0.0,29.53191426519366,10.322615421891747,2.64163502797455,False
0.01,1.7732911392405064,1.1296059549510473e-11,2.6476169305087465e-11,1.1296059549510473e-11,3.699281763871724,3.7986532741081994e-08,7.132874299048558e-14,0.0063144800784603414,0.027423438541633382,0.1,0.1,1.0,0.001,0.0,0.0,29.53191426519366,10.322615421891747,2.64163502797455,False
0.01,1.7984810126582278,1.0697134787998073e-11,2.1134456751665904e-11,1.0697134787998073e-11,2.957236209178845,3.701909649977363e-08,6.798865295332305e-14,0.0063557816462782805,0.027602808971606222,0.1,0.1,1.0,0.001,0.0,0.0,29.53191426519366,10.322615421891747,2.64163502797455,False
0.01,1.8236708860759494,1.0083508353070784e-11,1.7680241969382144e-11,1.0083508353070784e-11,2.438765420170654,3.7168310205937286e-08,6.460528192339448e-14,0.006407024188532545,0.027825352505003436,0.1,0.1,1.0,0.001,0.0,0.0,29.53191426519366,10.322615421891747,2.64163502797455,False
0.01,1.8488607594936708,9.41774052484136e-12,1.5382228812051543e-11,9.41774052484136e-12,2.1307254653493857,3.930994417146007e-08,6.098541883595713e-14,0.006475589200519454,0.028123126568578887,0.1,0.1,1.0,0.001,0.0,0.0,29.53191426519366,10.322615421891747,2.64163502797455,False
0.01,1.8740506329113924,8.645880697545935e-12,1.3791748456323004e-11,8.645880697545935e-12,2.028100890699193,4.519853582519886e-08,5.6842719534302014e-14,0.006574543591659363,0.028552880028900468,0.1,0.1,1.0,0.001,0.0,0.0,29.53191426519366,10.322615421891747,2.64163502797455,False
0.01,1.899240506329114,7.693493830150168e-12,1.2636822375517075e-11,7.693493830150168e-12,2.155142712088832,5.836863998942088e-08,5.175956029022771e-14,0.006727705439547668,0.02921805348266043,0.1,0.1,1.0,0.001,0.0,0.0,29.53191426519366,10.322615421891747,2.64163502797455,False
0.01,1.9244303797468354,6.469415423795739e-12,1.1754101826390518e-11,6.469415423795739e-12,2.593244091063383,8.600259462206141e-08,4.5159471061573106e-14,0.006980456208681235,0.03031573612597554,0.1,0.1,1.0,0.001,0.0,0.0,29.53191426519366,10.322615421891747,2.64163502797455,False
0.01,1.949620253164557,4.894510964669344e-12,1.104601248804252e-11,4.894510964669344e-12,3.5349622412861237,1.4284157182278224e-07,3.6335815858960286e-14,0.007423788836361307,0.03224110526446678,0.1,0.1,1.0,0.001,0.0,0.0,29.53191426519366,10.322615421891747,2.64163502797455,False
0.01,1.9748101265822784,2.9919205564279825e-12,1.0454272493396735e-11,2.9919205564279825e-12,5.433437582566114,2.5945935191429355e-07,2.4657600589855973e-14,0.008241395493232741,0.03579192585893308,0.1,0.1,1.0,0.001,0.0,0.0,29.53191426519366,10.322615421891747,2.64163502797455,False
0.01,2.0,1.0852931306157951e-12,9.943812370623363e-12,1.0852931306157951e-12,9.620058668833238,4.999398534692998e-07,1.0485098232181115e-14,0.009661074908151195,0.04195751521864029,0.1,0.1,1.0,0.001,0.0,0.0,29.53191426519366,10.322615421891747,2.64163502797455,False
0.5,0.01,0.9217133253554958,0.9217133254823371,0.9217133253554958,5.976530936813162e-10,9.870634443132076e-07,0.015383830715137473,0.016690472288880147,0.07248580015419784,0.1,0.1,1.0,0.001,0.0,0.0,31.089281721966795,0.0029985104183978067,0.020808237282438375,False
0.5,0.03518987341772152,0.698204896917366,0.6982049205450157,0.698204896917366,1.4696771355460214e-07,9.385850034959731e-07,0.011249902268749747,0.016112608660321666,0.06997617030244245,0.1,0.1,1.0,0.001,0.0,0.0,31.089281721966795,0.0029985104183978067,0.020808237282438375,False
0.5,0.06037974683544304,0.4988552713369577,0.4988553496141323,0.4988552713369577,6.814670361343644e-07,9.590572336293235e-07,0.008146861218533814,0.016331111820668567,0.07092511747061325,0.1,0.1,1.0,0.001,0.0,0.0,31.089281721966795,0.0029985104183978067,0.020808237282438375,False
0.5,0.08556962025316454,0.33601162030883086,0.3360117982219104,0.33601162030883086,2.2995230990474624e-06,9.087846186695003e-07,0.0055513099001925975,0.016521184282526736,0.07175059168408095,0.1,0.1,1.0,0.001,0.0,0.0,31.089281721966795,0.0029985104183978067,0.020808237282438375,False
0.5,0.11075949367088607,0.21165854752939778,0.21165889064551863,0.21165854752939778,7.040269287550416e-06,9.090083292750961e-07,0.0034738349681331954,0.01641244829789218,0.0712783573029699,0.1,0.1,1.0,0.001,0.0,0.0,31.089281721966795,0.0029985104183978067,0.020808237282438375,False
0.5,0.1359493670886076,0.12385967792754062,0.12386027152730968,0.12385967792754062,2.0813592504609346e-05,9.376057469312471e-07,0.00198764481789272,0.01604755357958799,0.0696936396766184,0.1,0.1,1.0,0.001,0.0,0.0,31.089281721966795,0.0029985104183978067,0.020808237282438375,False
0.5,0.1611392405063291,0.06785298870577561,0.06785392383892988,0.06785298870577561,5.985298186317323e-05,9.853309139717936e-07,0.001054583755718556,0.015542185773001779,0.06749885517929899,0.1,0.1,1.0,0.001,0.0,0.0,31.089281721966795,0.0029985104183978067,0.020808237282438375,False
0.5,0.18632911392405063,0.0357961060148792,0.035797335847787035,0.0357961060148792,0.00014920630484915876,9.555514983716762e-07,0.0005357453881590754,0.014966582899726149,0.06499904366298635,0.1,0.1,1.0,0.001,0.0,0.0,31.089281721966795,0.0029985104183978067,0.020808237282438375,False
0.5,0.21151898734177216,0.01894070463551634,0.01894174564948089,0.01894070463551634,0.00023868921735470394,9.907038104328691e-07,0.00027178007781883244,0.014348995090140874,0.06231689388505034,0.1,0.1,1.0,0.001,0.0,0.0,31.089281721966795,0.0029985104183978067,0.020808237282438375,False
0.5,0.23670886075949368,0.010388746722169226,0.01038955842733516,0.010388746722169226,0.00033931456116320646,9.601388804569844e-07,0.0001425305641087107,0.013719707287170204,0.059583931681458514,0.1,0.1,1.0,0.001,0.0,0.0,31.089281721966795,0.0029985104183978067,0.020808237282438375,False
0.5,0.2618987341772152,0.005996504005136209,0.005997138790550121,0.005996504005136209,0.00045971654719068056,9.874071328908052e-07,7.857871270762982e-05,0.013104087421658434,0.05691032857604067,0.1,0.1,1.0,0.001,0.0,0.0,31.089281721966795,0.0029985104183978067,0.020808237282438375,False
0.5,0.2870886075949367,0.0036469587061266824,0.0036474512162133926,0.0036469587061266824,0.0005864611820349808,9.514884364847376e-07,4.56472541082092e-05,0.012516526176050312,0.05435858250856259,0.1,0.1,1.0,0.001,0.0,0.0,31.089281721966795,0.0029985104183978067,0.020808237282438375,False
0.5,0.3122784810126582,0.0023244717463709484,0.002324871827818425,0.0023244717463709484,0.0007474309549593272,9.701414646484663e-07,2.7808123047555386e-05,0.011963201140633548,0.05195552241275837,0.1,0.1,1.0,0.001,0.0,0.0,31.089281721966795,0.0029985104183978067,0.020808237282438375,False
0.5,0.33746835443037976,0.0015415256868413821,0.0015418554885719298,0.0015415256868413821,0.0009290519990656776,9.528022041488393e-07,1.7643790317265614e-05,0.011445667411107566,0.049707901983438926,0.1,0.1,1.0,0.001,0.0,0.0,31.089281721966795,0.0029985104183978067,0.020808237282438375,False
0.5,0.36265822784810126,0.0010563188289061,0.0010565940186238998,0.0010563188289061,0.0011312665047498172,9.528280625198393e-07,1.1580588163810613e-05,0.010963156053748669,0.04761238178387277,0.1,0.1,1.0,0.001,0.0,0.0,31.089281721966795,0.0029985104183978067,0.020808237282438375,False
0.5,0.3878481012658228,0.0007434537813823997,0.0007436906673567604,0.0007434537813823997,0.0013835679844333981,9.62006607888033e-07,7.816559559031332e-06,0.010513847336275556,0.04566105881717676,0.1,0.1,1.0,0.001,0.0,0.0,31.089281721966795,0.0029985104183978067,0.020808237282438375,False
0.5,0.4130379746835443,0.0005347732689225513,0.000534987210181422,0.0005347732689225513,0.0017370899604642887,9.705342662175154e-07,5.398809762357925e-06,0.010095511642224228,0.043844249982080176,0.1,0.1,1.0,0.001,0.0,0.0,31.089281721966795,0.0029985104183978067,0.020808237282438375,False
0.5,0.4382278481012658,0.0003915403468914547,0.00039172910376026004,0.0003915403468914547,0.002093176698323873,9.69218068448685e-07,3.8002227725768736e-06,0.009705826750034513,0.042151869998489605,0.1,0.1,1.0,0.001,0.0,0.0,31.089281721966795,0.0029985104183978067,0.020808237282438375,False
0.5,0.46341772151898736,0.00029082322168788236,0.00029098923508894756,0.00029082322168788236,0.002478417404837785,9.510374848545333e-07,2.717023692191321e-06,0.009342526626389168,0.04057407760875019,0.1,0.1,1.0,0.001,0.0,0.0,31.089281721966795,0.0029985104183978067,0.020808237282438375,False
0.5,0.48860759493670886,0.00021853761844924718,0.00021869063154669312,0.00021853761844924718,0.003039727949563087,9.657747433236552e-07,1.96759409906761e-06,0.00900345722182637,0.03910151789491173,0.1,0.1,1.0,0.001,0.0,0.0,31.089281721966795,0.0029985104183978067,0.020808237282438375,False
0.5,0.5137974683544304,0.00016575900696473141,0.0001659015794791824,0.00016575900696473141,0.0037338449391910444,9.536562327883136e-07,1.4398851807253702e-06,0.008686618043215804,0.03772550282569847,0.1,0.1,1.0,0.001,0.0,0.0,31.089281721966795,0.0029985104183978067,0.020808237282438375,False
0.5,0.5389873417721519,0.00012665527591669193,0.0001267888929483879,0.00012665527591669193,0.004579244824611806,9.65577497721859e-07,1.0626547648393694e-06,0.008390134221793771,0.03643788994952668,0.1,0.1,1.0,0.001,0.0,0.0,31.089281721966795,0.0029985104183978067,0.020808237282438375,False
0.5,0.5641772151898734,9.732515294311819e-05,9.745072903181236e-05,9.732515294311819e-05,0.005599975662519796,9.981028521247048e-07,7.89527958892077e-07,0.00811227041537266,0.03523114277103346,0.1,0.1,1.0,0.001,0.0,0.0,31.089281721966795,0.0029985104183978067,0.020808237282438375,False
0.5,0.5893670886075949,7.510040116311508e-05,7.52214896412181e-05,7.510040116311508e-05,0.006996728015487008,9.969635062639925e-07,5.896449935968793e-07,0.007851422688358135,0.03409829548643932,0.1,0.1,1.0,0.001,0.0,0.0,31.089281721966795,0.0029985104183978067,0.020808237282438375,False
0.5,0.6145569620253164,5.8114092264277984e-05,5.822783901131995e-05,5.8114092264277984e-05,0.008492140326922026,9.649527129146351e-07,4.4202133330663466e-07,0.007606095459540366,0.03303285286907759,0.1,0.1,1.0,0.001,0.0,0.0,31.089281721966795,0.0029985104183978067,0.020808237282438375,False
0.5,0.639746835443038,4.5033404696727804e-05,4.514279159876387e-05,4.5033404696727804e-05,0.010536295208574131,9.99152572341705e-07,3.321164029399064e-07,0.00737488993285108,0.03202874002481067,0.1,0.1,1.0,0.001,0.0,0.0,31.089281721966795,0.0029985104183978067,0.020808237282438375,False
0.5,0.6649367088607595,3.490737175581037e-05,3.501015114203401e-05,3.490737175581037e-05,0.012768344927692965,9.587161782370623e-07,2.4981665125915817e-07,0.007156558591884705,0.03108053905872833,0.1,0.1,1.0,0.001,0.0,0.0,31.089281721966795,0.0029985104183978067,0.020808237282438375,False
0.5,0.690126582278481,2.702581112989597e-05,2.7127005445270326e-05,2.702581112989597e-05,0.016231171969167235,9.833098015502723e-07,1.878273114338073e-07,0.006949923187542468,0.03018313290001152,0.1,0.1,1.0,0.001,0.0,0.0,31.089281721966795,0.0029985104183978067,0.020808237282438375,False
0.5,0.7153164556962025,2.0872011220293543e-05,2.096982177493807e-05,2.0872011220293543e-05,0.02030439800941508,9.865225979871495e-07,1.4096893550633125e-07,0.006753969898658797,0.0293321185792818,0.1,0.1,1.0,0.001,0.0,0.0,31.089281721966795,0.0029985104183978067,0.020808237282438375,False
0.5,0.740506329113924,1.6054322904784257e-05,1.6149606999849033e-05,1.6054322904784257e-05,0.02569964447094719,9.764072278952568e-07,1.054416884789266e-07,0.006567806634031543,0.028523621793674687,0.1,0.1,1.0,0.001,0.0,0.0,31.089281721966795,0.0029985104183978067,0.020808237282438375,False
0.5,0.7656962025316456,1.2274225686288547e-05,1.2368170998494343e-05,1.2274225686288547e-05,0.03311376638966834,9.986239246570494e-07,7.84406539383822e-08,0.006390680434205126,0.027754372481823632,0.1,0.1,1.0,0.001,0.0,0.0,31.089281721966795,0.0029985104183978067,0.020808237282438375,False
0.5,0.7908860759493671,9.308144096466407e-06,9.399309952026643e-06,9.308144096466407e-06,0.04232873306249019,9.890731508558834e-07,5.791567859695622e-08,0.006222043620805397,0.02702199210677112,0.1,0.1,1.0,0.001,0.0,0.0,31.089281721966795,0.0029985104183978067,0.020808237282438375,False
0.5,0.8160759493670886,6.980502983902205e-06,7.068890868634215e-06,6.980502983902205e-06,0.05464559889051657,9.698287409647122e-07,4.2312439070861724e-08,0.0060615172242514306,0.026324834824539116,0.1,0.1,1.0,0.001,0.0,0.0,31.089281721966795,0.0029985104183978067,0.020808237282438375,False
0.5,0.8412658227848101,5.153916901776359e-06,5.241990228277087e-06,5.153916901776359e-06,0.07358795027537468,9.932157188168554e-07,3.0453932010483364e-08,0.005908890770044634,0.025661986555994405,0.1,0.1,1.0,0.001,0.0,0.0,31.089281721966795,0.0029985104183978067,0.020808237282438375,False
0.5,0.8664556962025316,3.726201707225929e-06,3.810455745555452e-06,3.726201707225929e-06,0.09710561636516246,9.785918529711495e-07,2.1478827489570387e-08,0.005764268597676339,0.025033900441790293,0.1,0.1,1.0,0.001,0.0,0.0,31.089281721966795,0.0029985104183978067,0.020808237282438375,False
0.5,0.8916455696202532,2.612275519702556e-06,2.6942429712720747e-06,2.612275519702556e-06,0.13417777988170343,9.921025383135672e-07,1.4701326833168307e-08,0.005627785707245099,0.024441162779905354,0.1,0.1,1.0,0.001,0.0,0.0,31.089281721966795,0.0029985104183978067,0.020808237282438375,False
0.5,0.9168354430379747,1.7487722020404495e-06,1.8276121578963292e-06,1.7487722020404495e-06,0.19150797222176408,9.937158854127128e-07,9.617731667704248e-09,0.005499705254053316,0.023884916439296768,0.1,0.1,1.0,0.001,0.0,0.0,31.089281721966795,0.0029985104183978067,0.020808237282438375,False
0.5,0.9420253164556962,1.0776217842635123e-06,1.160159571926188e-06,1.0776217842635123e-06,0.32051365415292565,9.969574540051465e-07,5.797591565053001e-09,0.0053799873478015256,0.02336498817859513,0.1,0.1,1.0,0.001,0.0,0.0,31.089281721966795,0.0029985104183978067,0.020808237282438375,False
0.5,0.9672151898734177,4.998718669076219e-07,6.5292336528687e-07,4.998718669076219e-07,1.160035153097013,9.936709041237827e-07,2.635038027374764e-09,0.005271426943220487,0.022893516331967834,0.1,0.1,1.0,0.001,0.0,0.0,31.089281721966795,0.0029985104183978067,0.020808237282438375,False
0.5,0.9924050632911392,2.1911982332727878e-08,2.8558229250555203e-07,2.1911982332727878e-08,11.150496064822093,9.998176103957773e-07,1.1434278117194976e-10,0.005218276440519334,0.022662686631632886,0.1,0.1,1.0,0.001,0.0,0.0,31.089281721966795,0.0029985104183978067,0.020808237282438375,False
0.5,1.0175949367088608,1.826701901867676e-11,9.921552619254087e-08,1.826701901867676e-11,37.349119590788675,8.632319985607365e-07,1.0298393473111249e-13,0.005637697898371845,0.024484210879004518,0.1,0.1,1.0,0.001,0.0,0.0,31.089281721966795,0.0029985104183978067,0.020808237282438375,False
0.5,1.0427848101265822,1.4599540898739483e-11,4.310439139214682e-08,1.4599540898739483e-11,34.70182318444745,7.118746762669695e-07,8.262636339495431e-14,0.005659517923751166,0.024578974045176796,0.1,0.1,1.0,0.001,0.0,0.0,31.089281721966795,0.0029985104183978067,0.020808237282438375,False
0.5,1.0679746835443038,1.1846957758227788e-11,2.3860262119150643e-08,1.1846957758227788e-11,33.04068370414308,5.935187326959935e-07,6.733472180364269e-14,0.0056837141802821315,0.024684057052117934,0.1,0.1,1.0,0.001,0.0,0.0,31.089281721966795,0.0029985104183978067,0.020808237282438375,False
0.5,1.0931645569620254,9.748011910655498e-12,1.5130316698271398e-08,9.748011910655498e-12,31.909319673394037,4.998573954163902e-07,5.5662384332389e-14,0.005710126828173522,0.024798765724434783,0.1,0.1,1.0,0.001,0.0,0.0,31.089281721966795,0.0029985104183978067,0.020808237282438375,False
0.5,1.1183544303797468,8.123871983205162e-12,1.0336541535554502e-08,8.123871983205162e-12,31.046121829786415,4.2490788172087507e-07,4.6619681899207155e-14,0.005738603709608679,0.024922439249125797,0.1,0.1,1.0,0.001,0.0,0.0,31.089281721966795,0.0029985104183978067,0.020808237282438375,False
0.5,1.1435443037974684,6.849994106404574e-12,7.785621147438142e-09,6.849994106404574e-12,30.55603069056012,3.643050502633624e-07,3.9517597613416235e-14,0.0057689973158470695,0.02505443700387053,0.1,0.1,1.0,0.001,0.0,0.0,31.089281721966795,0.0029985104183978067,0.020808237282438375,False
0.5,1.1687341772151898,5.8382342435707454e-12,5.974731926029125e-09,5.8382342435707454e-12,30.10036908245567,3.148247652470116e-07,3.386854898376965e-14,0.005801163086436075,0.02519413117060024,0.1,0.1,1.0,0.001,0.0,0.0,31.089281721966795,0.0029985104183978067,0.020808237282438375,False
0.5,1.1939240506329114,5.025265616484465e-12,4.766276199513173e-09,5.025265616484465e-12,29.77020183681968,2.7405789970700856e-07,2.9322217184361154e-14,0.005834958671274009,0.02534090353067832,0.1,0.1,1.0,0.001,0.0,0.0,31.089281721966795,0.0029985104183978067,0.020808237282438375,False
0.5,1.2191139240506328,4.3649482620191525e-12,3.855322897362955e-09,4.3649482620191525e-12,29.4608165730331,2.4018448321512644e-07,2.562331070682113e-14,0.005870243853696496,0.025494145130868676,0.1,0.1,1.0,0.001,0.0,0.0,31.089281721966795,0.0029985104183978067,0.020808237282438375,False
0.5,1.2443037974683544,3.823220221441341e-12,3.191963238984808e-09,3.823220221441341e-12,29.21628566499126,2.1181530113124919e-07,2.2583306491184212e-14,0.005906880897033544,0.02565325778841398,0.1,0.1,1.0,0.001,0.0,0.0,31.089281721966795,0.0029985104183978067,0.020808237282438375,False
0.5,1.269493670886076,3.3746246969535777e-12,2.5896747260645625e-09,3.3746246969535777e-12,28.85019737767081,1.878794963928129e-07,2.0061249995984762e-14,0.005944735132797118,0.02581765664550183,0.1,0.1,1.0,0.001,0.0,0.0,31.089281721966795,0.0029985104183978067,0.020808237282438375,False
0.5,1.2946835443037974,2.9999153549818384e-12,2.05971048118472e-09,2.9999153549818384e-12,28.366971780552532,1.675439221172687e-07,1.7950520491286722e-14,0.005983675659873875,0.025986773205820223,0.1,0.1,1.0,0.001,0.0,0.0,31.089281721966795,0.0029985104183978067,0.020808237282438375,False
0.5,1.319873417721519,2.684382725986814e-12,1.6066492178199426e-09,2.684382725986814e-12,27.77076631468168,1.5015465984615607e-07,1.6169583530122655e-14,0.006023576062231777,0.02616005845151779,0.1,0.1,1.0,0.001,0.0,0.0,31.089281721966795,0.0029985104183978067,0.020808237282438375,False
0.5,1.3450632911392404,2.4166696536195508e-12,1.229615030111038e-09,2.4166696536195508e-12,27.0655187446104,1.3519418148329832e-07,1.465544624034272e-14,0.006064315086835565,0.026336985787353245,0.1,0.1,1.0,0.001,0.0,0.0,31.089281721966795,0.0029985104183978067,0.020808237282438375,False
0.5,1.370253164556962,2.1879228013367277e-12,9.237008856819927e-10,2.1879228013367277e-12,26.254993657560902,1.2224966771465793e-07,1.3358969280558478e-14,0.006105777257038829,0.02651705370462336,0.1,0.1,1.0,0.001,0.0,0.0,31.089281721966795,0.0029985104183978067,0.020808237282438375,False
0.5,1.3954430379746836,1.991177964931304e-12,6.813867863179178e-10,1.991177964931304e-12,25.34283629755467,1.1098936277943424e-07,1.224147027000535e-14,0.006147853424255669,0.02669978817704248,0.1,0.1,1.0,0.001,0.0,0.0,31.089281721966795,0.0029985104183978067,0.020808237282438375,False
0.5,1.420632911392405,1.8209099634669658e-12,4.938015186111607e-10,1.8209099634669658e-12,24.33263948960297,1.0114477419019593e-07,1.127223620673631e-14,0.006190441280948489,0.026884744888620263,0.1,0.1,1.0,0.001,0.0,0.0,31.089281721966795,0.0029985104183978067,0.020808237282438375,False
0.5,1.4458227848101266,1.672699658786803e-12,3.517395587792377e-10,1.672699658786803e-12,23.228032461601273,9.24971638616548e-08,1.0426682828762306e-14,0.006233445899262456,0.027071511572921376,0.1,0.1,1.0,0.001,0.0,0.0,31.089281721966795,0.0029985104183978067,0.020808237282438375,False
0.5,1.471012658227848,1.5429851926891586e-12,2.46400890741776e-10,1.5429851926891586e-12,22.032805151131726,8.48672201596563e-08,9.684979223820718e-15,0.006276780405741587,0.02725971094332025,0.1,0.1,1.0,0.001,0.0,0.0,31.089281721966795,0.0029985104183978067,0.020808237282438375,False
0.5,1.4962025316455696,1.4288743466310703e-12,1.6986462466969272e-10,1.4288743466310703e-12,20.75108904673192,7.810711208489865e-08,9.03101022871359e-15,0.006320366972789778,0.027449004998861604,0.1,0.1,1.0,0.001,0.0,0.0,31.089281721966795,0.0029985104183978067,0.020808237282438375,False
0.5,1.5213924050632912,1.3280016203611634e-12,1.1533505093408537e-10,1.3280016203611634e-12,19.38762706815352,7.209434993309854e-08,8.451586150263252e-15,0.0063641384322744715,0.02763910203205214,0.1,0.1,1.0,0.001,0.0,0.0,31.089281721966795,0.0029985104183978067,0.020808237282438375,False
0.5,1.5465822784810126,1.2384182185104378e-12,7.721212856351793e-11,1.2384182185104378e-12,17.948181927937327,6.672704120752972e-08,7.935834755648928e-15,0.006408041029301155,0.02782976858835125,0.1,0.1,1.0,0.001,0.0,0.0,31.089281721966795,0.0029985104183978067,0.020808237282438375,False
0.5,1.5717721518987342,1.1585062884737535e-12,5.104038677836564e-11,1.1585062884737535e-12,16.440155612398485,6.192025880656319e-08,7.474727985159617e-15,0.006452039198688355,0.028020850210138306,0.1,0.1,1.0,0.001,0.0,0.0,31.089281721966795,0.0029985104183978067,0.020808237282438375,False
0.5,1.5969620253164556,1.0869108903364077e-12,3.3384576243655844e-11,1.0869108903364077e-12,14.873519278249987,5.760335029626011e-08,7.060707794057651e-15,0.006496123883598503,0.028212307564067514,0.1,0.1,1.0,0.001,0.0,0.0,31.089281721966795,0.0029985104183978067,0.020808237282438375,False
0.5,1.6221518987341772,1.0224845576190147e-12,2.167073651452101e-11,1.0224845576190147e-12,13.262169140951343,5.3718134417783266e-08,6.687383354934793e-15,0.006540326995751618,0.028404279240978002,0.1,0.1,1.0,0.001,0.0,0.0,31.089281721966795,0.0029985104183978067,0.020808237282438375,False
0.5,1.6473417721518988,9.642400627766963e-13,1.4020517444578907e-11,9.642400627766963e-13,11.625788702747514,5.0218085599502204e-08,6.349276393617912e-15,0.006349276393617913,0.02757455701826838,0.1,0.1,1.0,0.001,0.0,0.0,31.089281721966795,0.0029985104183978067,0.020808237282438375,False
0.5,1.6725316455696202,9.113071672226436e-13,9.096544846064152e-12,9.113071672226436e-13,9.992116790192483,4.706885377851765e-08,6.041592840344028e-15,0.006041592840344028,0.026238304324676047,0.1,0.1,1.0,0.001,0.0,0.0,31.089281721966795,0.0029985104183978067,0.020808237282438375,False
0.5,1.6977215189873418,8.628886504449587e-13,5.968408787460156e-12,8.628886504449587e-13,8.399038043620024,4.425090840954461e-08,5.7599969312427355e-15,0.005759996931242736,0.025015348830183838,0.1,0.1,1.0,0.001,0.0,0.0,31.089281721966795,0.0029985104183978067,0.020808237282438375,False
0.5,1.7229113924050632,8.182096201595288e-13,4.002830977870885e-12,8.182096201595288e-13,6.89502670685097,4.1765935359535794e-08,5.500357396346422e-15,0.005500357396346422,0.023887748657289883,0.1,0.1,1.0,0.001,0.0,0.0,31.089281721966795,0.0029985104183978067,0.020808237282438375,False
0.5,1.7481012658227848,7.764517849614502e-13,2.777622535354778e-12,7.764517849614502e-13,5.535587343420218,3.965026285227355e-08,5.258422562604856e-15,0.005258422562604856,0.022837039024548453,0.1,0.1,1.0,0.001,0.0,0.0,31.089281721966795,0.0029985104183978067,0.020808237282438375,False
0.5,1.7732911392405064,7.366608672341047e-13,2.0168098765353632e-12,7.366608672341047e-13,4.373973595060917,3.8001884314202585e-08,5.029359636952499e-15,0.005029359636952499,0.02184223137835412,0.1,0.1,1.0,0.001,0.0,0.0,31.089281721966795,0.0029985104183978067,0.020808237282438375,False
0.5,1.7984810126582278,6.976109932545503e-13,1.5433330918625203e-12,6.976109932545503e-13,3.448463525703559,3.703431071004736e-08,4.8070605507884045e-15,0.004807060550788405,0.0208767987138221,0.1,0.1,1.0,0.001,0.0,0.0,31.089281721966795,0.0029985104183978067,0.020808237282438375,False
0.5,1.8236708860759494,6.576068033515635e-13,1.245577796097843e-12,6.576068033515635e-13,2.774045602127316,3.718413204896938e-08,4.5830728747705125e-15,0.004583072874770513,0.019904032596733064,0.1,0.1,1.0,0.001,0.0,0.0,31.089281721966795,0.0029985104183978067,0.020808237282438375,False
0.5,1.8488607594936708,6.142092256942102e-13,1.0543349419909934e-12,6.142092256942102e-13,2.346622643726633,3.9327406466419416e-08,4.344969930997605e-15,0.004344969930997605,0.018869964650678122,0.1,0.1,1.0,0.001,0.0,0.0,31.089281721966795,0.0029985104183978067,0.020808237282438375,False
0.5,1.8740506329113924,5.639041740213737e-13,9.273355882991995e-13,5.639041740213737e-13,2.1603161774457504,4.521902250391195e-08,4.073966536858363e-15,0.004073966536858363,0.017693011864160876,0.1,0.1,1.0,0.001,0.0,0.0,31.089281721966795,0.0029985104183978067,0.020808237282438375,False
0.5,1.899240506329114,5.018447214815813e-13,8.391113064725548e-13,5.018447214815813e-13,2.2325021246250003,5.839379976132105e-08,3.74170953751863e-15,0.00374170953751863,0.016250038050291092,0.1,0.1,1.0,0.001,0.0,0.0,31.089281721966795,0.0029985104183978067,0.020808237282438375,False
0.5,1.9244303797468354,4.220985463852776e-13,7.744903831362119e-13,4.220985463852776e-13,2.6360217294262043,8.603378974203534e-08,3.3066287757010615e-15,0.003306628775701062,0.014360506309894761,0.1,0.1,1.0,0.001,0.0,0.0,31.089281721966795,0.0029985104183978067,0.020808237282438375,False
0.5,1.949620253164557,3.195289364527314e-13,7.245107641463088e-13,3.195289364527314e-13,3.5553464835774946,1.4287821042773712e-07,2.711596052209665e-15,0.002711596052209665,0.011776312026252992,0.1,0.1,1.0,0.001,0.0,0.0,31.089281721966795,0.0029985104183978067,0.020808237282438375,False
0.5,1.9748101265822784,1.9569298791992993e-13,6.839006411176045e-13,1.9569298791992993e-13,5.434177465822643,2.59495310938609e-07,1.8903837619821182e-15,0.0018903837619821183,0.00820983236508344,0.1,0.1,1.0,0.001,0.0,0.0,31.089281721966795,0.0029985104183978067,0.020808237282438375,False
0.5,2.0,7.180303685192013e-14,6.495531933533105e-13,7.180303685192013e-14,9.564719094369138,4.99960004146908e-07,8.288541927161291e-16,0.0008288541927161291,0.003599668021989893,0.1,0.1,1.0,0.001,0.0,0.0,31.089281721966795,0.0029985104183978067,0.020808237282438375,False
1.0,0.01,0.9199579251979292,0.9199579251979292,0.9199579253096168,5.272560166247331e-10,9.092749451156124e-07,0.015209363566706983,0.01653267301701291,0.07180048662399491,0.1,0.1,1.0,0.001,0.0,0.0,25.935864563322866,0.0,0.0,True
1.0,0.03518987341772152,0.6796800594112735,0.6796800939831957,0.6796800594112735,2.209038572065225e-07,9.914687630896424e-07,0.011129733108369568,0.01637495900351989,0.0711155433662066,0.1,0.1,1.0,0.001,0.0,0.0,25.935864563322866,0.0,0.0,True
1.0,0.06037974683544304,0.43589266591109443,0.4358927978688899,0.43589266591109443,1.3147395723223099e-06,9.79004672885253e-07,0.007583186178185433,0.017396911605142985,0.0755538271227224,0.1,0.1,1.0,0.001,0.0,0.0,25.935864563322866,0.0,0.0,True
1.0,0.08556962025316454,0.2308347989021617,0.23083514692286217,0.2308347989021617,6.547685037716633e-06,9.222803933894852e-07,0.004142124153258498,0.01794410623076861,0.07793026318708565,0.1,0.1,1.0,0.001,0.0,0.0,25.935864563322866,0.0,0.0,True
1.0,0.11075949367088607,0.09549199721551492,0.0954928209414549,0.09549199721551492,3.746262491333141e-05,9.944332803879519e-07,0.0017145757838619015,0.01795517775162135,0.07797834619121187,0.1,0.1,1.0,0.001,0.0,0.0,25.935864563322866,0.0,0.0,True
1.0,0.1359493670886076,0.02852380174866933,0.028525399414122517,0.02852380174866933,0.00024324873137082648,9.779383265129393e-07,0.0005023203799763107,0.017610569039933275,0.07648172957219268,0.1,0.1,1.0,0.001,0.0,0.0,25.935864563322866,0.0,0.0,True
1.0,0.1611392405063291,0.006748157245123986,0.006749348270496426,0.006748157245123986,0.00076644643382906,9.865512182738456e-07,0.0001148092923007327,0.01701342872288437,0.0738883821260297,0.1,0.1,1.0,0.001,0.0,0.0,25.935864563322866,0.0,0.0,True
1.0,0.18632911392405063,0.001769508302051586,0.0017700788706330993,0.001769508302051586,0.0014001338379650008,9.778622253042712e-07,2.887456515218882e-05,0.016317846668880476,0.0708675076483815,0.1,0.1,1.0,0.001,0.0,0.0,25.935864563322866,0.0,0.0,True
1.0,0.21151898734177216,0.0006079793754872861,0.0006082680939622309,0.0006079793754872861,0.0020618968753751687,9.98498213916621e-07,9.503924039394826e-06,0.015631984278706126,0.06788884513440453,0.1,0.1,1.0,0.001,0.0,0.0,25.935864563322866,0.0,0.0,True
1.0,0.23670886075949368,0.00026393752704120886,0.00026409777189564335,0.00026393752704120886,0.0026359396165673843,9.610939643925343e-07,3.955133647500011e-06,0.014985112923644586,0.06507951853435948,0.1,0.1,1.0,0.001,0.0,0.0,25.935864563322866,0.0,0.0,True
1.0,0.2618987341772152,0.0001353500125503617,0.0001354527787481253,0.0001353500125503617,0.0032961842485761395,9.84138555641667e-07,1.9462475284332024e-06,0.014379367181137373,0.062448798200286766,0.1,0.1,1.0,0.001,0.0,0.0,25.935864563322866,0.0,0.0,True
1.0,0.2870886075949367,7.800262055291854e-05,7.807487100686493e-05,7.800262055291854e-05,0.0040208200928475435,9.944785065614525e-07,1.077269636141802e-06,0.013810685186031162,0.059979043675963184,0.1,0.1,1.0,0.001,0.0,0.0,25.935864563322866,0.0,0.0,True
1.0,0.3122784810126582,4.888005212514383e-05,4.8932299919047265e-05,4.888005212514383e-05,0.004639686147562827,9.506568363418233e-07,6.48842138626494e-07,0.013274170350009313,0.05764898934852801,0.1,0.1,1.0,0.001,0.0,0.0,25.935864563322866,0.0,0.0,True
1.0,0.33746835443037976,3.2582904043180785e-05,3.2624064631621355e-05,3.2582904043180785e-05,0.005482793992463542,9.87690689041587e-07,4.1593112773057074e-07,0.012765317885089503,0.05543907117235259,0.1,0.1,1.0,0.001,0.0,0.0,25.935864563322866,0.0,0.0,True
1.0,0.36265822784810126,2.2763089989343057e-05,2.2796908562805428e-05,2.2763089989343057e-05,0.0064474201074560256,9.888400201892023e-07,2.795414097000919e-07,0.012280468505416626,0.053333397070891145,0.1,0.1,1.0,0.001,0.0,0.0,25.935864563322866,0.0,0.0,True
1.0,0.3878481012658228,1.6492681743872158e-05,1.652105025106186e-05,1.6492681743872158e-05,0.0074637361002345415,9.712477000677067e-07,1.9488758929857693e-07,0.011816610077435542,0.051318885514326125,0.1,0.1,1.0,0.001,0.0,0.0,25.935864563322866,0.0,0.0,True
1.0,0.4130379746835443,1.229820409987714e-05,1.2322395407076056e-05,1.229820409987714e-05,0.008534442554527288,9.722669613593943e-07,1.3984683318588268e-07,0.011371321540132819,0.04938502196827269,0.1,0.1,1.0,0.001,0.0,0.0,25.935864563322866,0.0,0.0,True
1.0,0.4382278481012658,9.384473427174767e-06,9.406388333053559e-06,9.384473427174767e-06,0.010129952666474651,9.725105614092483e-07,1.0269172036232458e-07,0.010942725892851756,0.04752365472245351,0.1,0.1,1.0,0.001,0.0,0.0,25.935864563322866,0.0,0.0,True
1.0,0.46341772151898736,7.296259796107833e-06,7.3155473470213135e-06,7.296259796107833e-06,0.011465360463823515,9.578664926686298e-07,7.68249996646786e-08,0.010529367348687426,0.04572846137467221,0.1,0.1,1.0,0.001,0.0,0.0,25.935864563322866,0.0,0.0,True
1.0,0.48860759493670886,5.759377473907261e-06,5.777483227012565e-06,5.759377473907261e-06,0.013631498765221295,9.87774377930739e-07,5.834304131301716e-08,0.010130095062763135,0.043994443869134044,0.1,0.1,1.0,0.001,0.0,0.0,25.935864563322866,0.0,0.0,True
1.0,0.5137974683544304,4.6033299747464666e-06,4.620036796982773e-06,4.6033299747464666e-06,0.015733275759920673,9.852253529986366e-07,4.4855522880366785e-08,0.009744146764720522,0.04231829170773546,0.1,0.1,1.0,0.001,0.0,0.0,25.935864563322866,0.0,0.0,True
1.0,0.5389873417721519,3.7170793012574588e-06,3.7326694647159e-06,3.7170793012574588e-06,0.018177074311289232,9.467369779248003e-07,3.4832607945419135e-08,0.009370961747745208,0.04069756977172196,0.1,0.1,1.0,0.001,0.0,0.0,25.935864563322866,0.0,0.0,True
1.0,0.5641772151898734,3.025910609679263e-06,3.0405567070680662e-06,3.025910609679263e-06,0.020970134028786447,9.3923031961856e-07,2.726396600916112e-08,0.009010169012246865,0.03913066683034486,0.1,0.1,1.0,0.001,0.0,0.0,25.935864563322866,0.0,0.0,True
1.0,0.5893670886075949,2.4790273106454527e-06,2.493301082182764e-06,2.4790273106454527e-06,0.024934142529581038,9.593274077090465e-07,2.1472450133584557e-08,0.008661643234577306,0.03761703860991557,0.1,0.1,1.0,0.001,0.0,0.0,25.935864563322866,0.0,0.0,True
1.0,0.6145569620253164,2.041212915201344e-06,2.0551190330298604e-06,2.041212915201344e-06,0.02948673844912264,9.416164557175984e-07,1.699402595837036e-08,0.008325454846876707,0.03615699099333235,0.1,0.1,1.0,0.001,0.0,0.0,25.935864563322866,0.0,0.0,True
1.0,0.639746835443038,1.686408999651488e-06,1.6999346510492247e-06,1.686408999651488e-06,0.03469315350033497,9.525362638378339e-07,1.3494305480142184e-08,0.008001798782460783,0.03475137056522877,0.1,0.1,1.0,0.001,0.0,0.0,25.935864563322866,0.0,0.0,True
1.0,0.6649367088607595,1.3959805436938586e-06,1.4095150932155506e-06,1.3959805436938586e-06,0.04190365293545284,9.918223236528474e-07,1.0736555449995398e-08,0.007691049490980546,0.03340180353977665,0.1,0.1,1.0,0.001,0.0,0.0,25.935864563322866,0.0,0.0,True
1.0,0.690126582278481,1.1564797035806839e-06,1.1696021671211032e-06,1.1564797035806839e-06,0.04900149075810134,9.982841081934528e-07,8.550719765313357e-09,0.007393748233400623,0.03211064058347807,0.1,0.1,1.0,0.001,0.0,0.0,25.935864563322866,0.0,0.0,True
1.0,0.7153164556962025,9.5741242288517e-07,9.701685891500298e-07,9.5741242288517e-07,0.057481511372266425,9.790536595485032e-07,6.807757885540372e-09,0.0071105802711700136,0.030880857748992643,0.1,0.1,1.0,0.001,0.0,0.0,25.935864563322866,0.0,0.0,True
1.0,0.740506329113924,7.90464921390858e-07,8.029277004139709e-07,7.90464921390858e-07,0.06793839084879494,9.961438333248775e-07,5.408608742251746e-09,0.0068423134232636915,0.029715789631759696,0.1,0.1,1.0,0.001,0.0,0.0,25.935864563322866,0.0,0.0,True
1.0,0.7656962025316456,6.500494703995574e-07,6.620822610386359e-07,6.500494703995574e-07,0.07965543319146917,9.497290228150778e-07,4.283827546084796e-09,0.006590002363130474,0.028620016620369535,0.1,0.1,1.0,0.001,0.0,0.0,25.935864563322866,0.0,0.0,True
1.0,0.7908860759493671,5.307357878552406e-07,5.425734392226443e-07,5.307357878552406e-07,0.0958015641148009,9.551110512699256e-07,3.3725752689361508e-09,0.006354527706837114,0.027597363181806826,0.1,0.1,1.0,0.001,0.0,0.0,25.935864563322866,0.0,0.0,True
1.0,0.8160759493670886,4.289773980940905e-07,4.4068372916372313e-07,4.289773980940905e-07,0.11692605136391165,9.699237875134686e-07,2.6326317498787647e-09,0.006136994073756147,0.02665262661705252,0.1,0.1,1.0,0.001,0.0,0.0,25.935864563322866,0.0,0.0,True
1.0,0.8412658227848101,3.4186196946020323e-07,3.532815538868121e-07,3.4186196946020323e-07,0.14270171673723553,9.718318459728563e-07,2.0301599304226287e-09,0.00593853692947546,0.02579073819049872,0.1,0.1,1.0,0.001,0.0,0.0,25.935864563322866,0.0,0.0,True
1.0,0.8664556962025316,2.6680265677369454e-07,2.7842085483898063e-07,2.6680265677369454e-07,0.18511612662160815,9.88842019123315e-07,1.536782461873741e-09,0.005759996847322475,0.02501534846572278,0.1,0.1,1.0,0.001,0.0,0.0,25.935864563322866,0.0,0.0,True
1.0,0.8916455696202532,2.01845958617793e-07,2.1388101774537416e-07,2.01845958617793e-07,0.25152183667366046,9.97677927288827e-07,1.1307875148958815e-09,0.005602230149364016,0.024330176402208217,0.1,0.1,1.0,0.001,0.0,0.0,25.935864563322866,0.0,0.0,True
1.0,0.9168354430379747,1.4481932662705252e-07,1.5809313716779803e-07,1.4481932662705252e-07,0.3808649380226683,9.851852749985274e-07,7.916171498700687e-10,0.005466239681590904,0.023739577304755174,0.1,0.1,1.0,0.001,0.0,0.0,25.935864563322866,0.0,0.0,True
1.0,0.9420253164556962,9.116303491575985e-08,1.1012074159447074e-07,9.116303491575985e-08,0.820503525527073,9.947056674358733e-07,4.881388540191213e-10,0.005354570023586765,0.023254602142082963,0.1,0.1,1.0,0.001,0.0,0.0,25.935864563322866,0.0,0.0,True
1.0,0.9672151898734177,3.5996815115349614e-08,6.963215548614298e-08,3.5996815115349614e-08,2.865457616501047,9.987352789252494e-07,1.8997611124744375e-10,0.005277581103735895,0.02292024351149372,0.1,0.1,1.0,0.001,0.0,0.0,25.935864563322866,0.0,0.0,True
1.0,0.9924050632911392,9.406510100368393e-10,3.8200213151572744e-08,9.406510100368393e-10,16.086372600569234,9.99486166099364e-07,5.003918038971327e-12,0.005319632877208473,0.02310287204322758,0.1,0.1,1.0,0.001,0.0,0.0,25.935864563322866,0.0,0.0,True
1.0,1.0175949367088608,1.6618712197581165e-11,1.9124739393817672e-08,1.6618712197581165e-11,30.60998159094447,8.55511191693383e-07,9.486681344102535e-14,0.005708433500330616,0.024791411695052508,0.1,0.1,1.0,0.001,0.0,0.0,25.935864563322866,0.0,0.0,True
1.0,1.0427848101265822,1.3297540937128028e-11,1.0218034591029974e-08,1.3297540937128028e-11,28.855960325709262,7.061828058061521e-07,7.622587935391632e-14,0.005732328985811674,0.024895188469920733,0.1,0.1,1.0,0.001,0.0,0.0,25.935864563322866,0.0,0.0,True
1.0,1.0679746835443038,1.0801121813337416e-11,6.132601110878435e-09,1.0801121813337416e-11,27.541758533313853,5.89253029145257e-07,6.220193325721042e-14,0.005758840084592175,0.025010324709016367,0.1,0.1,1.0,0.001,0.0,0.0,25.935864563322866,0.0,0.0,True
1.0,1.0931645569620254,8.895046315945572e-12,4.023562817585332e-09,8.895046315945572e-12,26.554625723374613,4.966115025629695e-07,5.148238225553575e-14,0.005787758762227761,0.025135916930227112,0.1,0.1,1.0,0.001,0.0,0.0,25.935864563322866,0.0,0.0,True
1.0,1.1183544303797468,7.418494596058588e-12,2.888321967307683e-09,7.418494596058588e-12,25.90329818647804,4.224029458772038e-07,4.3167412819948783e-14,0.005818891186209589,0.025271123329662915,0.1,0.1,1.0,0.001,0.0,0.0,25.935864563322866,0.0,0.0,True
1.0,1.1435443037974684,6.2592458435364935e-12,2.178127552672868e-09,6.2592458435364935e-12,25.41561299140254,3.62346515754034e-07,3.662944235935012e-14,0.005852053629939285,0.025415145992845254,0.1,0.1,1.0,0.001,0.0,0.0,25.935864563322866,0.0,0.0,True
1.0,1.1687341772151898,5.33774158238633e-12,1.6747463590642748e-09,5.33774158238633e-12,24.96591497961171,3.132747728360126e-07,3.142365839828335e-14,0.005887070011402623,0.025567220205302728,0.1,0.1,1.0,0.001,0.0,0.0,25.935864563322866,0.0,0.0,True
1.0,1.1939240506329114,4.5967378485244055e-12,1.338763164127736e-09,4.5967378485244055e-12,24.642540176131575,2.7281733946438546e-07,2.7230020451731647e-14,0.005923770584496727,0.02572660876907729,0.1,0.1,1.0,0.001,0.0,0.0,25.935864563322866,0.0,0.0,True
1.0,1.2191139240506328,3.994471823469611e-12,1.1335210470897933e-09,3.994471823469611e-12,24.529702264242417,2.391811301243471e-07,2.3815006693953106e-14,0.005961991408733312,0.025892599699674716,0.1,0.1,1.0,0.001,0.0,0.0,25.935864563322866,0.0,0.0,True
1.0,1.2443037974683544,3.500077097793233e-12,9.403116124552482e-10,3.500077097793233e-12,24.291941886388088,2.109958488470367e-07,2.1005972823687647e-14,0.006001574318729071,0.02606450609356303,0.1,0.1,1.0,0.001,0.0,0.0,25.935864563322866,0.0,0.0,True
1.0,1.269493670886076,3.0904613373734992e-12,7.645827874971319e-10,3.0904613373734992e-12,23.93401202029837,1.8720412948374192e-07,1.867370216047916e-14,0.006042367181447882,0.02624166724536119,0.1,0.1,1.0,0.001,0.0,0.0,25.935864563322866,0.0,0.0,True
1.0,1.2946835443037974,2.7481497745185773e-12,6.096531676549899e-10,2.7481497745185773e-12,23.46042436526028,1.6698256652656218e-07,1.6720359633646242e-14,0.006084224298355545,0.026423450394374968,0.1,0.1,1.0,0.001,0.0,0.0,25.935864563322866,0.0,0.0,True
1.0,1.319873417721519,2.459775891994376e-12,4.769213702807226e-10,2.459775891994376e-12,22.875512423705985,1.4968435876124104e-07,1.5071063725096193e-14,0.006127006844057098,0.02660925262957455,0.1,0.1,1.0,0.001,0.0,0.0,25.935864563322866,0.0,0.0,True
1.0,1.3450632911392404,2.2150117712544625e-12,3.662067115774091e-10,2.2150117712544625e-12,22.183502609406887,1.347972361259501e-07,1.3667914628512112e-14,0.006170583292553496,0.02679850274080382,0.1,0.1,1.0,0.001,0.0,0.0,25.935864563322866,0.0,0.0,True
1.0,1.370253164556962,2.0058010145702456e-12,2.761517712037545e-10,2.0058010145702456e-12,21.388599864301966,1.2191230468832884e-07,1.2465711901428342e-14,0.006214829791627756,0.026990662844718707,0.1,0.1,1.0,0.001,0.0,0.0,25.935864563322866,0.0,0.0,True
1.0,1.3954430379746836,1.8258024598170635e-12,2.0462727895673241e-10,1.8258024598170635e-12,20.49509741386248,1.1070076827233876e-07,1.142884875565854e-14,0.006259630495187116,0.027185229828130836,0.1,0.1,1.0,0.001,0.0,0.0,25.935864563322866,0.0,0.0,True
1.0,1.420632911392405,1.669982453288027e-12,1.4909545104631656e-10,1.669982453288027e-12,19.507524851947792,1.008963866868501e-07,1.0529035427495328e-14,0.006304877878665563,0.027381736717783337,0.1,0.1,1.0,0.001,0.0,0.0,25.935864563322866,0.0,0.0,True
1.0,1.4458227848101266,1.5343129646448192e-12,1.0690536116227514e-10,1.5343129646448192e-12,18.430855302882293,9.228215097051827e-08,9.743613211042556e-15,0.006350473101358511,0.02757975425395031,0.1,0.1,1.0,0.001,0.0,0.0,25.935864563322866,0.0,0.0,True
1.0,1.471012658227848,1.4155458792126414e-12,7.550993593417092e-11,1.4155458792126414e-12,17.27080151960415,8.468008788341437e-08,9.054293664588231e-15,0.006396326532082756,0.027778893173349035,0.1,0.1,1.0,0.001,0.0,0.0,25.935864563322866,0.0,0.0,True
1.0,1.4962025316455696,1.31104262656621e-12,5.2606699828780135e-11,1.31104262656621e-12,16.034242457490066,7.794341022623853e-08,8.44620676820216e-15,0.006442358621339312,0.02797880799689504,0.1,0.1,1.0,0.001,0.0,0.0,25.935864563322866,0.0,0.0,True
1.0,1.5213924050632912,1.2186443269488838e-12,3.621265942474299e-11,1.2186443269488838e-12,14.729834490834506,7.195044781793973e-08,7.907175466459749e-15,0.006488501436885133,0.028179203698605333,0.1,0.1,1.0,0.001,0.0,0.0,25.935864563322866,0.0,0.0,True
1.0,1.5465822784810126,1.136571775120052e-12,2.4687869931578705e-11,1.136571775120052e-12,13.368867537803993,6.65999551114694e-08,7.427157170230149e-15,0.006534701400134317,0.028379847589637866,0.1,0.1,1.0,0.001,0.0,0.0,25.935864563322866,0.0,0.0,True
1.0,1.5717721518987342,1.0633474254722584e-12,1.6723074894051324e-11,1.0633474254722584e-12,11.966409508348889,6.180751741547182e-08,6.997808733690085e-15,0.006580924132657949,0.028580590366372904,0.1,0.1,1.0,0.001,0.0,0.0,25.935864563322866,0.0,0.0,True
1.0,1.5969620253164556,9.977334702442594e-13,1.1305369744780715e-11,9.977334702442594e-13,10.54270229190918,5.750288787425306e-08,6.612142311025758e-15,0.006612142311025758,0.02871616919237501,0.1,0.1,1.0,0.001,0.0,0.0,25.935864563322866,0.0,0.0,True
1.0,1.6221518987341772,9.386813449130286e-13,7.673170036752163e-12,9.386813449130286e-13,9.1245663532751,5.362820349598155e-08,6.264246648397879e-15,0.006264246648397879,0.027205277526801384,0.1,0.1,1.0,0.001,0.0,0.0,25.935864563322866,0.0,0.0,True
1.0,1.6473417721518988,8.852886721596187e-13,5.268689482496721e-12,8.852886721596187e-13,7.746176964041695,5.013718215049927e-08,5.9490524449272065e-15,0.005949052444927207,0.025836406493849343,0.1,0.1,1.0,0.001,0.0,0.0,25.935864563322866,0.0,0.0,True
1.0,1.6725316455696202,8.367597969224824e-13,3.6932366800284316e-12,8.367597969224824e-13,6.448063343304852,4.6995648067341687e-08,5.662121649370881e-15,0.005662121649370882,0.024590281881867123,0.1,0.1,1.0,0.001,0.0,0.0,25.935864563322866,0.0,0.0,True
1.0,1.6977215189873418,7.923656107001832e-13,2.6682457699897182e-12,7.923656107001832e-13,5.273002110568271,4.4184173950790684e-08,5.3994385751741405e-15,0.00539943857517414,0.02344946378573685,0.1,0.1,1.0,0.001,0.0,0.0,25.935864563322866,0.0,0.0,True
1.0,1.7229113924050632,7.513971677043465e-13,2.003183277505795e-12,7.513971677043465e-13,4.258511323595627,4.17044665253966e-08,5.157174513301551e-15,0.005157174513301551,0.022397324333389517,0.1,0.1,1.0,0.001,0.0,0.0,25.935864563322866,0.0,0.0,True
1.0,1.7481012658227848,7.13105453423951e-13,1.570298928184241e-12,7.13105453423951e-13,3.4282857656134667,3.959276860870163e-08,4.931385383605596e-15,0.004931385383605596,0.02141673460238261,0.1,0.1,1.0,0.001,0.0,0.0,25.935864563322866,0.0,0.0,True
1.0,1.7732911392405064,6.766164307211784e-13,1.285512633420347e-12,6.766164307211784e-13,2.7873380920590023,3.7946841795641415e-08,4.717581396118834e-15,0.004717581396118834,0.02048819568263848,0.1,0.1,1.0,0.001,0.0,0.0,25.935864563322866,0.0,0.0,True
1.0,1.7984810126582278,6.408064707940227e-13,1.0944249778605519e-12,6.408064707940227e-13,2.324591077557102,3.6979760177620354e-08,4.510076029400049e-15,0.004510076029400049,0.01958701132532569,0.1,0.1,1.0,0.001,0.0,0.0,25.935864563322866,0.0,0.0,True
1.0,1.8236708860759494,6.041203816479211e-13,9.623803370436322e-13,6.041203816479211e-13,2.022232530126132,3.712740158455121e-08,4.300978588867024e-15,0.004300978588867024,0.01867891267928983,0.1,0.1,1.0,0.001,0.0,0.0,25.935864563322866,0.0,0.0,True
1.0,1.8488607594936708,5.64318944034077e-13,8.675975794151914e-13,5.64318944034077e-13,1.8679370200560612,3.926479072405282e-08,4.078648804102457e-15,0.004078648804102457,0.01771334669242994,0.1,0.1,1.0,0.001,0.0,0.0,25.935864563322866,0.0,0.0,True
1.0,1.8740506329113924,5.181733815342667e-13,7.965376253343338e-13,5.181733815342667e-13,1.8673119540129335,4.514555480070159e-08,3.825417006274504e-15,0.0038254170062745037,0.01661357496803874,0.1,0.1,1.0,0.001,0.0,0.0,25.935864563322866,0.0,0.0,True
1.0,1.899240506329114,4.612264465346247e-13,7.4084986436188e-13,4.612264465346247e-13,2.0581600410116465,5.830356061873484e-08,3.5144791618880475e-15,0.0035144791618880477,0.015263189067719441,0.1,0.1,1.0,0.001,0.0,0.0,25.935864563322866,0.0,0.0,True
1.0,1.9244303797468354,3.8801706627351406e-13,6.954012283202782e-13,3.8801706627351406e-13,2.5338462574136145,8.592188372299108e-08,3.10631641233677e-15,0.00310631641233677,0.013490560769233653,0.1,0.1,1.0,0.001,0.0,0.0,25.935864563322866,0.0,0.0,True
1.0,1.949620253164557,2.938074169249857e-13,6.570285425844712e-13,2.938074169249857e-13,3.4952148156052516,1.4274675148260231e-07,2.5464086234912204e-15,0.0025464086234912205,0.01105891213853092,0.1,0.1,1.0,0.001,0.0,0.0,25.935864563322866,0.0,0.0,True
1.0,1.9748101265822784,1.8001000021289582e-13,6.23762682377908e-13,1.8001000021289582e-13,5.397227564030487,2.593662668987615e-07,1.7719938014452897e-15,0.0017719938014452898,0.007695671299344556,0.1,0.1,1.0,0.001,0.0,0.0,25.935864563322866,0.0,0.0,True
1.0,2.0,6.612823826389682e-14,5.943538062369565e-13,6.612823826389682e-14,9.536580955405995,4.998876811817665e-07,7.725686784735575e-16,0.0007725686784735575,0.0033552231395235356,0.1,0.1,1.0,0.001,0.0,0.0,25.935864563322866,0.0,0.0,True
