rho_pt,rho_ft,omega,c_pt,lambda_pt,gamma_reinit,seed,ft_teacher_norm,alpha,mse_best,active_best,mse_fwd,mse_bwd,diff_db,fp_residual,mse_se,mse_rel_se,mse_se_db,reliability_score_db,rho_pt_emp,rho_ft_emp
0.1,0.1,0.0,0.001,-0.00099999,1e-06,0,unit_total_var,0.01,1.183793219576138,0.5430375,1.1837932196692795,1.183793219576138,3.417052196752479e-10,9.034768311266816e-07,0.021366082629094073,0.018048830045456998,0.07838507293551591,0.7316601092202686,0.0988625,0.101325
0.1,0.1,0.0,0.001,-0.00099999,1e-06,0,unit_total_var,0.022564102564102566,1.1893605414916877,0.5906375,1.1893605457996708,1.1893605414916877,1.57305812820141e-08,8.902057757609327e-07,0.01932489329481007,0.016248137230593613,0.0705647634045359,0.7316601092202686,0.0988625,0.101325
0.1,0.1,0.0,0.001,-0.00099999,1e-06,0,unit_total_var,0.03512820512820513,1.1740748150599083,0.6185375,1.1740748248877135,1.1740748150599083,3.6353403731759215e-08,9.087636883009509e-07,0.017981344386812835,0.015315330979052915,0.06651363732724606,0.7316601092202686,0.0988625,0.101325
0.1,0.1,0.0,0.001,-0.00099999,1e-06,0,unit_total_var,0.047692307692307694,1.146972313590975,0.6390875,1.1469723325976096,1.146972313590975,7.196752982441268e-08,9.382413814762458e-07,0.016976528249271743,0.014801166556602506,0.06428064961263423,0.7316601092202686,0.0988625,0.101325
0.1,0.1,0.0,0.001,-0.00099999,1e-06,0,unit_total_var,0.06025641025641026,1.112322642504493,0.6551625,1.1123226746000208,1.112322642504493,1.253135545331574e-07,9.168930645842011e-07,0.015944483579019644,0.014334405297296859,0.062253531219807666,0.7316601092202686,0.0988625,0.101325
0.1,0.1,0.0,0.001,-0.00099999,1e-06,0,unit_total_var,0.07282051282051281,1.0712048950799993,0.6687875,1.071204941598746,1.0712048950799993,1.8859916178781688e-07,8.908736006674189e-07,0.014816620123513171,0.01383173302471386,0.06007045327792203,0.7316601092202686,0.0988625,0.101325
0.1,0.1,0.0,0.001,-0.00099999,1e-06,0,unit_total_var,0.08538461538461538,1.0246809338691738,0.679825,1.0246810001190685,1.0246809338691738,2.807894809581102e-07,8.94977333132374e-07,0.013705026766110549,0.013374921219974937,0.05808654481725824,0.7316601092202686,0.0988625,0.101325
0.1,0.1,0.0,0.001,-0.00099999,1e-06,0,unit_total_var,0.09794871794871794,0.9751538525245216,0.6900125,0.9751539468880029,0.9751538525245216,4.202571436406899e-07,9.454833360678094e-07,0.01274337668395316,0.013068067824336171,0.05675389745246632,0.7316601092202686,0.0988625,0.101325
0.1,0.1,0.0,0.001,-0.00099999,1e-06,0,unit_total_var,0.1105128205128205,0.9231463238274799,0.6992,0.9231464518539176,0.9231463238274799,6.023007423916482e-07,9.639898479463227e-07,0.011849541733270456,0.012836038477779749,0.05574620680397561,0.7316601092202686,0.0988625,0.101325
0.1,0.1,0.0,0.001,-0.00099999,1e-06,0,unit_total_var,0.12307692307692307,0.8688765021661564,0.708075,0.8688766725494877,0.8688765021661564,8.516346473586012e-07,9.074025388855489e-07,0.011005128113704023,0.012665929031649077,0.05500743086623391,0.7316601092202686,0.0988625,0.101325
0.1,0.1,0.0,0.001,-0.00099999,1e-06,0,unit_total_var,0.13564102564102565,0.8132436793018806,0.7162625,0.8132438910738048,0.8132436793018806,1.1309201470854902e-06,8.874154016069724e-07,0.01022661401432689,0.012575091912310718,0.05461293026942755,0.7316601092202686,0.0988625,0.101325
0.1,0.1,0.0,0.001,-0.00099999,1e-06,0,unit_total_var,0.1482051282051282,0.7571431392755168,0.7241375,0.7571434138317941,0.7571431392755168,1.5748442845353594e-06,9.243017338178561e-07,0.009512426064381591,0.012563576912925199,0.054562921262505046,0.7316601092202686,0.0988625,0.101325
0.1,0.1,0.0,0.001,-0.00099999,1e-06,0,unit_total_var,0.16076923076923078,0.7007928321953004,0.7305625,0.7007931809235669,0.7007928321953004,2.161134035505441e-06,9.468163302273069e-07,0.008846484488394544,0.012623537345098246,0.05482332611075793,0.7316601092202686,0.0988625,0.101325
0.1,0.1,0.0,0.001,-0.00099999,1e-06,0,unit_total_var,0.17333333333333334,0.6444343099561948,0.737225,0.6444347293305969,0.6444343099561948,2.8262295568293183e-06,9.287766982168932e-07,0.008185075859662504,0.012701179520095512,0.05516052179240072,0.7316601092202686,0.0988625,0.101325
0.1,0.1,0.0,0.001,-0.00099999,1e-06,0,unit_total_var,0.1858974358974359,0.5882668957882616,0.743325,0.5882674441544291,0.5882668957882616,4.048371433196252e-06,9.41326197878567e-07,0.007492039470287664,0.012735782897061605,0.05531080234911664,0.7316601092202686,0.0988625,0.101325
0.1,0.1,0.0,0.001,-0.00099999,1e-06,0,unit_total_var,0.19846153846153847,0.5324312878353283,0.7490625,0.5324319787512564,0.5324312878353283,5.6356714415173315e-06,9.778715450714515e-07,0.006758127649350421,0.012692957389537542,0.05512481353309257,0.7316601092202686,0.0988625,0.101325
0.1,0.1,0.0,0.001,-0.00099999,1e-06,0,unit_total_var,0.21102564102564103,0.4770962191720141,0.754575,0.4770970436154173,0.4770962191720141,7.504794565349471e-06,9.58425729002954e-07,0.0059977373108959725,0.012571336912509728,0.05459662251249637,0.7316601092202686,0.0988625,0.101325
0.1,0.1,0.0,0.001,-0.00099999,1e-06,0,unit_total_var,0.2235897435897436,0.4228190508783894,0.7599,0.4228200752563908,0.4228190508783894,1.0521786414141587e-05,9.89411522045458e-07,0.00524297045551083,0.012400033642331802,0.05385266186279381,0.7316601092202686,0.0988625,0.101325
0.1,0.1,0.0,0.001,-0.00099999,1e-06,0,unit_total_var,0.23615384615384616,0.36968321793270864,0.765225,0.3696844763347176,0.36968321793270864,1.4783362940029576e-05,9.56005575591945e-07,0.00450231698482756,0.012178851423131389,0.05289207968985527,0.7316601092202686,0.0988625,0.101325
0.1,0.1,0.0,0.001,-0.00099999,1e-06,0,unit_total_var,0.24871794871794872,0.31889861520964763,0.7703,0.3189001256630818,0.31889861520964763,2.057017518453108e-05,9.597662364857484e-07,0.0038028469820522268,0.011924940406380227,0.051789358155160524,0.7316601092202686,0.0988625,0.101325
0.1,0.1,0.0,0.001,-0.00099999,1e-06,0,unit_total_var,0.2612820512820513,0.27163535172083586,0.775275,0.2716371462796643,0.27163535172083586,2.8691568208394358e-05,9.744959594826241e-07,0.0031807829666765704,0.011709753338532731,0.05085481259372945,0.7316601092202686,0.0988625,0.101325
0.1,0.1,0.0,0.001,-0.00099999,1e-06,0,unit_total_var,0.27384615384615385,0.22759523768196627,0.7796,0.22759747330402888,0.22759523768196627,4.265966049121772e-05,9.979423317707514e-07,0.002627188563472811,0.011543249279863903,0.05013169465478578,0.7316601092202686,0.0988625,0.101325
0.1,0.1,0.0,0.001,-0.00099999,1e-06,0,unit_total_var,0.2864102564102564,0.18662908848903353,0.7835375,0.18663184316958872,0.18662908848903353,6.41022117822132e-05,9.863561101219886e-07,0.0021385866733242324,0.011459021156018224,0.049765896560713355,0.7316601092202686,0.0988625,0.101325
0.1,0.1,0.0,0.001,-0.00099999,1e-06,0,unit_total_var,0.298974358974359,0.14866113628565367,0.7872875,0.1486644671425027,0.14866113628565367,9.730562944731957e-05,9.754813571904997e-07,0.0016997237392503029,0.011433544648712149,0.04965525349530139,0.7316601092202686,0.0988625,0.101325
0.1,0.1,0.0,0.001,-0.00099999,1e-06,0,unit_total_var,0.31153846153846154,0.11467733859195182,0.790925,0.11468154339878857,0.11467733859195182,0.0001592372958061361,9.767700628882103e-07,0.0013158606225786153,0.011474460767360046,0.04983294994079819,0.7316601092202686,0.0988625,0.101325
0.1,0.1,0.0,0.001,-0.00099999,1e-06,0,unit_total_var,0.3241025641025641,0.0848053569250715,0.794175,0.08481059418237001,0.0848053569250715,0.00026819552417123305,9.799573177926568e-07,0.0009844410334712205,0.01160824114378775,0.05041395073349312,0.7316601092202686,0.0988625,0.101325
0.1,0.1,0.0,0.001,-0.00099999,1e-06,0,unit_total_var,0.33666666666666667,0.059821620080250285,0.7970375,0.059828232068017156,0.059821620080250285,0.0004799922027363124,9.828010150148003e-07,0.0007080691119873972,0.01183634129329041,0.05140457709599623,0.7316601092202686,0.0988625,0.101325
0.1,0.1,0.0,0.001,-0.00099999,1e-06,0,unit_total_var,0.34923076923076923,0.03956147362492134,0.7995875,0.03956990794246486,0.03956147362492134,0.000925796443608462,9.949988978991131e-07,0.0004728137954816329,0.011951369657367586,0.05190413893380699,0.7316601092202686,0.0988625,0.101325
0.1,0.1,0.0,0.001,-0.00099999,1e-06,0,unit_total_var,0.3617948717948718,0.024231260361159083,0.801425,0.024241953493195894,0.024231260361159083,0.0019160967239102433,9.877797720048154e-07,0.00028914285497513224,0.011932637868008172,0.05182278780625731,0.7316601092202686,0.0988625,0.101325
0.1,0.1,0.0,0.001,-0.00099999,1e-06,0,unit_total_var,0.37435897435897436,0.013488237207361661,0.8026625,0.013501901173563405,0.013488237207361661,0.004397299150934231,9.931748725933165e-07,0.00016029305264960607,0.011883914123494264,0.05161118327245678,0.7316601092202686,0.0988625,0.101325
0.1,0.1,0.0,0.001,-0.00099999,1e-06,0,unit_total_var,0.3869230769230769,0.006795997880866779,0.8034625,0.006812603754149129,0.006795997880866779,0.010598947498980493,9.90248787812592e-07,7.992479200842223e-05,0.01176056752952201,0.05107549582121966,0.7316601092202686,0.0988625,0.101325
0.1,0.1,0.0,0.001,-0.00099999,1e-06,0,unit_total_var,0.3994871794871795,0.0031475315926573345,0.804,0.003167082843218716,0.0031475315926573345,0.026893256752870798,9.98851857910918e-07,3.657752733581801e-05,0.011621019919592633,0.05046944825166851,0.7316601092202686,0.0988625,0.101325
0.1,0.1,0.0,0.001,-0.00099999,1e-06,0,unit_total_var,0.41205128205128205,0.0013530758091984181,0.803725,0.0013731070477291277,0.0013530758091984181,0.06382266619412391,9.959556332298294e-07,1.544583940784785e-05,0.011415354042134705,0.04957625269471082,0.7316601092202686,0.0988625,0.101325
0.1,0.1,0.0,0.001,-0.00099999,1e-06,0,unit_total_var,0.4246153846153846,0.0005506400395735696,0.803075,0.0005646216133542323,0.0005506400395735696,0.10889710886404202,9.920590206009133e-07,6.142487729922571e-06,0.011155178135392185,0.04844632308848631,0.7316601092202686,0.0988625,0.101325
0.1,0.1,0.0,0.001,-0.00099999,1e-06,0,unit_total_var,0.4371794871794872,0.00021694949816762125,0.8018875,0.000226194848522875,0.00021694949816762125,0.18124059970670459,9.958950792682449e-07,2.3804918324381226e-06,0.010972562059576132,0.04765323154814893,0.7316601092202686,0.0988625,0.101325
0.1,0.1,0.0,0.001,-0.00099999,1e-06,0,unit_total_var,0.44974358974358974,8.556713910590833e-05,0.8006,9.158119319541045e-05,8.556713910590833e-05,0.2949928576037024,9.993376332718268e-07,9.25476718720014e-07,0.010815795974837153,0.046972405092631765,0.7316601092202686,0.0988625,0.101325
0.1,0.1,0.0,0.001,-0.00099999,1e-06,0,unit_total_var,0.4623076923076923,3.408347377626637e-05,0.7993625,3.7924114566094335e-05,3.408347377626637e-05,0.46371598380341084,9.928014504884466e-07,3.637884362185588e-07,0.010673455370381836,0.046354227701974594,0.7316601092202686,0.0988625,0.101325
0.1,0.1,0.0,0.001,-0.00099999,1e-06,0,unit_total_var,0.4748717948717949,1.3889003145961738e-05,0.798075,1.6370897518533283e-05,1.3889003145961738e-05,0.7140141355558569,9.969496503434584e-07,1.4632948142504744e-07,0.010535635991096533,0.0457556857427452,0.7316601092202686,0.0988625,0.101325
0.1,0.1,0.0,0.001,-0.00099999,1e-06,0,unit_total_var,0.48743589743589744,5.791938327654686e-06,0.7964625,7.404867464653472e-06,5.791938327654686e-06,1.06693360884411,9.956968318295973e-07,6.037353075267562e-08,0.010423717819026313,0.04526963129719726,0.7316601092202686,0.0988625,0.101325
0.1,0.1,0.0,0.001,-0.00099999,1e-06,0,unit_total_var,0.5,9.10704404368459e-12,0.101325,3.518277187676627e-06,9.10704404368459e-12,55.86952615460501,4.5260407275967914e-07,7.589232114753328e-14,0.00833336489683081,0.036191343903798814,0.7316601092202686,0.0988625,0.101325
0.1,0.1,1.0,0.001,-0.00099999,1e-06,0,unit_total_var,0.01,1.07922244814873,0.5385625,1.07922244814873,1.079222448160132,4.588318613940601e-11,7.90937377814771e-07,0.019092983172608192,0.01769142516017879,0.07683288324069999,27.003087965555867,0.101325,0.101325
0.1,0.1,1.0,0.001,-0.00099999,1e-06,0,unit_total_var,0.022564102564102566,1.0175930438001823,0.581725,1.0175930514010405,1.0175930438001823,3.2439399708095173e-08,9.163728194039322e-07,0.01590347616259561,0.015628522875121446,0.06787381244963987,27.003087965555867,0.101325,0.101325
0.1,0.1,1.0,0.001,-0.00099999,1e-06,0,unit_total_var,0.03512820512820513,0.9467467632373869,0.606275,0.9467467812654713,0.9467467632373869,8.269896223378481e-08,8.329195573253401e-07,0.014049626658805693,0.014839899331435997,0.06444886391642408,27.003087965555867,0.101325,0.101325
0.1,0.1,1.0,0.001,-0.00099999,1e-06,0,unit_total_var,0.047692307692307694,0.8731007589640918,0.623425,0.8731007910601777,0.8731007589640918,1.5965113542293352e-07,8.805571418690761e-07,0.01240757609520425,0.014210932664776826,0.06171729639011249,27.003087965555867,0.101325,0.101325
0.1,0.1,1.0,0.001,-0.00099999,1e-06,0,unit_total_var,0.06025641025641026,0.800974558452259,0.6374375,0.8009746115065265,0.800974558452259,2.8766425363979664e-07,8.672620364080785e-07,0.011194624986878973,0.013976255386326623,0.06069810591952253,27.003087965555867,0.101325,0.101325
0.1,0.1,1.0,0.001,-0.00099999,1e-06,0,unit_total_var,0.07282051282051281,0.7294635127314656,0.6490625,0.7294635994372007,0.7294635127314656,5.162125236157777e-07,9.507211835568796e-07,0.0101822856559475,0.013958594882724263,0.06062140732690115,27.003087965555867,0.101325,0.101325
0.1,0.1,1.0,0.001,-0.00099999,1e-06,0,unit_total_var,0.08538461538461538,0.6586654451202143,0.6599375,0.6586655689648612,0.6586654451202143,8.165760339018391e-07,9.524976807284702e-07,0.009260263728601831,0.014059130924822878,0.06105802981005936,27.003087965555867,0.101325,0.101325
0.1,0.1,1.0,0.001,-0.00099999,1e-06,0,unit_total_var,0.09794871794871794,0.5898293799725591,0.6689375,0.5898295607367223,0.5898293799725591,1.3309758593038623e-06,9.46055237704968e-07,0.008433427135071418,0.014298079108001994,0.062095768584214346,27.003087965555867,0.101325,0.101325
0.1,0.1,1.0,0.001,-0.00099999,1e-06,0,unit_total_var,0.1105128205128205,0.5230577296408403,0.67715,0.5230579789007824,0.5230577296408403,2.0696031333145015e-06,9.752760687931072e-07,0.007609752091672295,0.01454858930561558,0.06318372054905508,27.003087965555867,0.101325,0.101325
0.1,0.1,1.0,0.001,-0.00099999,1e-06,0,unit_total_var,0.12307692307692307,0.4584610566202836,0.6844875,0.45846138182430995,0.4584610566202836,3.080616380657375e-06,9.118071093716651e-07,0.006704812083296856,0.014624605484975921,0.06351385462137071,27.003087965555867,0.101325,0.101325
0.1,0.1,1.0,0.001,-0.00099999,1e-06,0,unit_total_var,0.13564102564102565,0.39562983457546197,0.69095,0.3956302692952955,0.39562983457546197,4.772044588818858e-06,9.244772241068233e-07,0.005733688780999002,0.01449255915482624,0.06294038469597489,27.003087965555867,0.101325,0.101325
0.1,0.1,1.0,0.001,-0.00099999,1e-06,0,unit_total_var,0.1482051282051282,0.3351132325363001,0.696825,0.33511383721248783,0.3351132325363001,7.836374969372173e-06,9.460639707192797e-07,0.004777969898855502,0.014257777476268245,0.0619207408214777,27.003087965555867,0.101325,0.101325
0.1,0.1,1.0,0.001,-0.00099999,1e-06,0,unit_total_var,0.16076923076923078,0.2777555161213887,0.702275,0.2777563119953956,0.2777555161213887,1.2444152291735122e-05,9.568177659069477e-07,0.0038674703066821172,0.013924009001469837,0.06047120275309557,27.003087965555867,0.101325,0.101325
0.1,0.1,1.0,0.001,-0.00099999,1e-06,0,unit_total_var,0.17333333333333334,0.22524090226917018,0.7075625,0.2252419209156641,0.22524090226917018,1.9640817741972683e-05,9.773166520510301e-07,0.0030591624901693502,0.013581736085009781,0.05898473036386021,27.003087965555867,0.101325,0.101325
0.1,0.1,1.0,0.001,-0.00099999,1e-06,0,unit_total_var,0.1858974358974359,0.1777656385360093,0.7125,0.17776701360039288,0.1777656385360093,3.359370063282796e-05,9.908720998152987e-07,0.0023685347944801516,0.01332391801917538,0.057865040730591726,27.003087965555867,0.101325,0.101325
0.1,0.1,1.0,0.001,-0.00099999,1e-06,0,unit_total_var,0.19846153846153847,0.13494925820864673,0.716625,0.13495105652967918,0.13494925820864673,5.7873285689069576e-05,9.66711692806932e-07,0.0017888405019820216,0.013255652722568309,0.05756856831437232,27.003087965555867,0.101325,0.101325
0.1,0.1,1.0,0.001,-0.00099999,1e-06,0,unit_total_var,0.21102564102564103,0.09732146816071655,0.720225,0.0973239001994688,0.09732146816071655,0.00010852773110592295,9.68531643663617e-07,0.0012939777111816075,0.01329591235763865,0.057743413687917196,27.003087965555867,0.101325,0.101325
0.1,0.1,1.0,0.001,-0.00099999,1e-06,0,unit_total_var,0.2235897435897436,0.06557037500954067,0.723425,0.0655736923737864,0.06557037500954067,0.00021971454987301797,9.824918429934826e-07,0.0008875918442825299,0.013536476559015909,0.05878817073993326,27.003087965555867,0.101325,0.101325
0.1,0.1,1.0,0.001,-0.00099999,1e-06,0,unit_total_var,0.23615384615384616,0.04039534119406603,0.725725,0.0403999346419787,0.04039534119406603,0.0004938182493674503,9.779993274672272e-07,0.0005590185939900268,0.013838689746533076,0.060100665936904246,27.003087965555867,0.101325,0.101325
0.1,0.1,1.0,0.001,-0.00099999,1e-06,0,unit_total_var,0.24871794871794872,0.021996875189576943,0.727125,0.02200326625546831,0.021996875189576943,0.0012616344304667848,9.946927543164064e-07,0.00030446201886788656,0.013841148628790403,0.060111344726864316,27.003087965555867,0.101325,0.101325
0.1,0.1,1.0,0.001,-0.00099999,1e-06,0,unit_total_var,0.2612820512820513,0.010072144014701235,0.7271125,0.010081247344193063,0.010072144014701235,0.003923434982954888,9.912684073645761e-07,0.00013838356475630287,0.013739236110436778,0.059668744283285884,27.003087965555867,0.101325,0.101325
0.1,0.1,1.0,0.001,-0.00099999,1e-06,0,unit_total_var,0.27384615384615385,0.0038251611016990195,0.725625,0.003837186451987934,0.0038251611016990195,0.013631716715078568,9.983821981137536e-07,5.194449740094898e-05,0.013579688807845719,0.05897583915210743,27.003087965555867,0.101325,0.101325
0.1,0.1,1.0,0.001,-0.00099999,1e-06,0,unit_total_var,0.2864102564102564,0.0012212301221427252,0.7225125,0.001233262075364607,0.0012212301221427252,0.0425786869623721,9.977631683366628e-07,1.6331712098405544e-05,0.013373165140858569,0.05807891826255799,27.003087965555867,0.101325,0.101325
0.1,0.1,1.0,0.001,-0.00099999,1e-06,0,unit_total_var,0.298974358974359,0.0003413292026252434,0.7179625,0.0003485231003195778,0.0003413292026252434,0.09058122492255194,9.972263269745e-07,4.448661066643388e-06,0.013033344444095867,0.056603095728152385,27.003087965555867,0.101325,0.101325
0.1,0.1,1.0,0.001,-0.00099999,1e-06,0,unit_total_var,0.31153846153846154,9.172293059336684e-05,0.7129125,9.559788103646748e-05,9.172293059336684e-05,0.17970343874959127,9.984201420247876e-07,1.172994828549199e-06,0.012788457814866492,0.05553956661049034,27.003087965555867,0.101325,0.101325
0.1,0.1,1.0,0.001,-0.00099999,1e-06,0,unit_total_var,0.3241025641025641,2.519927485555416e-05,0.70695,2.7224348502564754e-05,2.519927485555416e-05,0.3356945205663777,9.92615094554507e-07,3.172235011002696e-07,0.012588596414723836,0.05467157957821621,27.003087965555867,0.101325,0.101325
0.1,0.1,1.0,0.001,-0.00099999,1e-06,0,unit_total_var,0.33666666666666667,7.378942812233302e-06,0.701575,8.460482273403274e-06,7.378942812233302e-06,0.594009753410468,9.999107021046658e-07,9.153505047123539e-08,0.01240490037671555,0.05387379782167132,27.003087965555867,0.101325,0.101325
0.1,0.1,1.0,0.001,-0.00099999,1e-06,0,unit_total_var,0.34923076923076923,2.303681904269445e-06,0.695975,2.906558437298705e-06,2.303681904269445e-06,1.0095654813081083,9.993973615163125e-07,2.8185381557243537e-08,0.012234927706384803,0.053135615893681286,27.003087965555867,0.101325,0.101325
0.1,0.1,1.0,0.001,-0.00099999,1e-06,0,unit_total_var,0.3617948717948718,7.517271036836644e-07,0.6902875,1.0954771238839749e-06,7.517271036836644e-07,1.635431038001748,9.934117328079181e-07,9.04084045215246e-09,0.0120267586572972,0.05223154920046334,27.003087965555867,0.101325,0.101325
0.1,0.1,1.0,0.001,-0.00099999,1e-06,0,unit_total_var,0.37435897435897436,2.506740809838809e-07,0.6835125,4.556951541165409e-07,2.506740809838809e-07,2.5956497888435734,9.994009393013805e-07,2.962449529538618e-09,0.011817933142154863,0.05132463151139414,27.003087965555867,0.101325,0.101325
0.1,0.1,1.0,0.001,-0.00099999,1e-06,0,unit_total_var,0.3869230769230769,8.23233126163811e-08,0.675075,2.0861989682729988e-07,8.23233126163811e-08,4.03832888560143,9.991973995681491e-07,9.558538817691572e-10,0.011610974478436583,0.05042582145504494,27.003087965555867,0.101325,0.101325
0.1,0.1,1.0,0.001,-0.00099999,1e-06,0,unit_total_var,0.3994871794871795,2.0971354678832327e-10,0.5219125,1.0408210177075255e-07,2.0971354678832327e-10,26.957495681897896,9.721583698390275e-07,2.3065893013628594e-12,0.010998761580676718,0.04776701462257386,27.003087965555867,0.101325,0.101325
0.1,0.1,1.0,0.001,-0.00099999,1e-06,0,unit_total_var,0.41205128205128205,1.485076970612274e-10,0.5042125,5.668613697620801e-08,1.485076970612274e-10,25.81727898427333,8.224652050247216e-07,1.6266108463646254e-12,0.010953040674342954,0.04756845124929016,27.003087965555867,0.101325,0.101325
0.1,0.1,1.0,0.001,-0.00099999,1e-06,0,unit_total_var,0.4246153846153846,1.0443506743219311e-10,0.4815625,3.3024480230554294e-08,1.0443506743219311e-10,24.999896395241223,6.95062590024732e-07,1.1399257739684189e-12,0.010915162904534361,0.04740395018514343,27.003087965555867,0.101325,0.101325
0.1,0.1,1.0,0.001,-0.00099999,1e-06,0,unit_total_var,0.4371794871794872,7.20622157508642e-11,0.4581625,2.0867026493300106e-08,7.20622157508642e-11,24.6175295586918,6.34709993316345e-07,7.824794664133202e-13,0.010858387551092422,0.047157377958064024,27.003087965555867,0.101325,0.101325
0.1,0.1,1.0,0.001,-0.00099999,1e-06,0,unit_total_var,0.44974358974358974,4.8679847192156825e-11,0.414025,1.3747905868959255e-08,4.8679847192156825e-11,24.50887343594853,5.099024696109898e-07,5.265366167934378e-13,0.010816316138278102,0.04697466413375269,27.003087965555867,0.101325,0.101325
0.1,0.1,1.0,0.001,-0.00099999,1e-06,0,unit_total_var,0.4623076923076923,3.052809231833852e-11,0.388475,9.609564897209458e-09,3.052809231833852e-11,24.98004057734741,5.954361411291356e-07,3.267460152725804e-13,0.01070312589025751,0.04648308513254665,27.003087965555867,0.101325,0.101325
0.1,0.1,1.0,0.001,-0.00099999,1e-06,0,unit_total_var,0.4748717948717949,1.886059714192561e-11,0.2675,6.915248141802372e-09,1.886059714192561e-11,25.64252329899149,3.4998688594823496e-07,1.971085588373137e-13,0.010450812206743817,0.04538730072795985,27.003087965555867,0.101325,0.101325
0.1,0.1,1.0,0.001,-0.00099999,1e-06,0,unit_total_var,0.48743589743589744,8.348629090673018e-12,0.2574625,5.1115110306319094e-09,8.348629090673018e-12,27.869341355057358,6.902844240004043e-07,8.651594275783403e-14,0.010362892136924437,0.0450054687162488,27.003087965555867,0.101325,0.101325
0.1,0.1,1.0,0.001,-0.00099999,1e-06,0,unit_total_var,0.5,4.125304972421554e-12,0.101325,3.94349724448948e-09,4.125304972421554e-12,29.804254814334882,2.7190445578783663e-07,3.453940297587986e-14,0.008372569593468198,0.0363616077379419,27.003087965555867,0.101325,0.101325
0.1,0.01,1.0,0.001,-0.00099999,1e-06,0,unit_total_var,0.01,0.867879902235659,0.5331,0.867879902235659,0.8678799023804599,7.24595605738898e-10,8.704907656920113e-07,0.04622160139440417,0.05325806171491851,0.2312968231965194,11.649089384969535,0.101325,0.009675
0.1,0.01,1.0,0.001,-0.00099999,1e-06,0,unit_total_var,0.022564102564102566,0.4756173343288792,0.56865,0.47561739086658944,0.4756173343288792,5.162556608873103e-07,9.90655877330937e-07,0.022191498702905516,0.04665830511459149,0.20263444446225354,11.649089384969535,0.101325,0.009675
0.1,0.01,1.0,0.001,-0.00099999,1e-06,0,unit_total_var,0.03512820512820513,0.17189436737160385,0.5836,0.17189465050306946,0.17189436737160385,7.153365975121062e-06,9.530443936256461e-07,0.007481513477896904,0.04352390129062958,0.18902190161422244,11.649089384969535,0.101325,0.009675
0.1,0.01,1.0,0.001,-0.00099999,1e-06,0,unit_total_var,0.047692307692307694,0.018454662039693787,0.5785375,0.018455662342461977,0.018454662039693787,0.00023539536963212981,9.81929690890837e-07,0.0007135095150685624,0.03866283292177815,0.16791054992675628,11.649089384969535,0.101325,0.009675
0.1,0.01,1.0,0.001,-0.00099999,1e-06,0,unit_total_var,0.06025641025641026,0.00045871856167216835,0.5490875,0.0004600316106152462,0.00045871856167216835,0.012413609616586996,9.963459476139414e-07,1.6207434140308493e-05,0.03533197802423228,0.15344483090651037,11.649089384969535,0.101325,0.009675
0.1,0.01,1.0,0.001,-0.00099999,1e-06,0,unit_total_var,0.07282051282051281,1.572051687185373e-05,0.5132375,1.59445662682539e-05,1.572051687185373e-05,0.06145888829711765,9.926486588904965e-07,5.35452233247089e-07,0.034060726985750155,0.1479238577952447,11.649089384969535,0.101325,0.009675
0.1,0.01,1.0,0.001,-0.00099999,1e-06,0,unit_total_var,0.08538461538461538,1.2156809915432313e-06,0.482575,1.2718431822615004e-06,1.2156809915432313e-06,0.19613940185887202,9.930377659747233e-07,3.9496874334900124e-08,0.0324895055607979,0.14110012984819542,11.649089384969535,0.101325,0.009675
0.1,0.01,1.0,0.001,-0.00099999,1e-06,0,unit_total_var,0.09794871794871794,1.6359109704953862e-07,0.45525,1.8246973459555364e-07,1.6359109704953862e-07,0.4743117554889551,9.90009307911459e-07,5.1132506604133715e-09,0.03125628932523741,0.1357443397872212,11.649089384969535,0.101325,0.009675
0.1,0.01,1.0,0.001,-0.00099999,1e-06,0,unit_total_var,0.1105128205128205,3.205362285154578e-08,0.4313,3.9940178246060215e-08,3.205362285154578e-08,0.955328760811625,9.88217600581242e-07,9.665501798959873e-10,0.030154163364699837,0.1309578675569833,11.649089384969535,0.101325,0.009675
0.1,0.01,1.0,0.001,-0.00099999,1e-06,0,unit_total_var,0.12307692307692307,8.050765917851317e-09,0.4075625,1.192516760850012e-08,8.050765917851317e-09,1.7062729239063117,9.821212225033743e-07,2.3472008529585413e-10,0.029155000616202114,0.12661855887502482,11.649089384969535,0.101325,0.009675
0.1,0.01,1.0,0.001,-0.00099999,1e-06,0,unit_total_var,0.13564102564102565,2.3485871084627926e-09,0.3833875,4.472830268981166e-09,2.3485871084627926e-09,2.7977574557804274,9.949118210515225e-07,6.634808619572988e-11,0.02825021305646028,0.12268911643011897,11.649089384969535,0.101325,0.009675
0.1,0.01,1.0,0.001,-0.00099999,1e-06,0,unit_total_var,0.1482051282051282,7.466987661036577e-10,0.3557125,2.0184023247224696e-09,7.466987661036577e-10,4.318623040436037,9.85721549635272e-07,2.0501939083339948e-11,0.027456773754054715,0.11924325332251993,11.649089384969535,0.101325,0.009675
0.1,0.01,1.0,0.001,-0.00099999,1e-06,0,unit_total_var,0.16076923076923078,2.3047378562919192e-10,0.319975,1.0444169142704943e-09,2.3047378562919192e-10,6.5625236123331945,9.892453913378516e-07,6.181860243946799e-12,0.026822400764886824,0.11648820643587907,11.649089384969535,0.101325,0.009675
0.1,0.01,1.0,0.001,-0.00099999,1e-06,0,unit_total_var,0.17333333333333334,5.166202185351969e-11,0.2559875,6.070067383393182e-10,5.166202185351969e-11,10.700221133833537,9.978087281558518e-07,1.373513906553118e-12,0.02658653024551616,0.11546383378581573,11.649089384969535,0.101325,0.009675
0.1,0.01,1.0,0.001,-0.00099999,1e-06,0,unit_total_var,0.1858974358974359,2.1079424908251967e-11,0.2127875,3.8800441835609806e-10,2.1079424908251967e-11,12.649779128804994,8.536088546481283e-07,5.619970801304232e-13,0.026660930389539143,0.11578694950583561,11.649089384969535,0.101325,0.009675
0.1,0.01,1.0,0.001,-0.00099999,1e-06,0,unit_total_var,0.19846153846153847,1.6178981117924467e-11,0.201725,2.612890254390592e-10,1.6178981117924467e-11,12.08170000886821,6.672612213462647e-07,4.3052836667922336e-13,0.026610351019091493,0.11556728609100007,11.649089384969535,0.101325,0.009675
0.1,0.01,1.0,0.001,-0.00099999,1e-06,0,unit_total_var,0.21102564102564103,1.272543787926263e-11,0.189925,1.850566839406741e-10,1.272543787926263e-11,11.626320404764343,5.291401019825424e-07,3.386626514795969e-13,0.02661304504354082,0.11557898609052461,11.649089384969535,0.101325,0.009675
0.1,0.01,1.0,0.001,-0.00099999,1e-06,0,unit_total_var,0.2235897435897436,1.0232629177022041e-11,0.1788875,1.357207099448363e-10,1.0232629177022041e-11,11.226588868421615,4.251452834996169e-07,2.728028951165449e-13,0.026660097849450025,0.11578333383016895,11.649089384969535,0.101325,0.009675
0.1,0.01,1.0,0.001,-0.00099999,1e-06,0,unit_total_var,0.23615384615384616,8.393791264455235e-12,0.168125,1.0034993076717367e-10,8.393791264455235e-12,10.775589121581618,3.4572641082832687e-07,2.2447682466272907e-13,0.026743198346295526,0.11614423470240313,11.649089384969535,0.101325,0.009675
0.1,0.01,1.0,0.001,-0.00099999,1e-06,0,unit_total_var,0.24871794871794872,7.010265453945652e-12,0.15795,7.943332626829434e-11,7.010265453945652e-12,10.542682855261106,2.842856641163608e-07,1.8825962530915046e-13,0.02685484972658069,0.11662913048595043,11.649089384969535,0.101325,0.009675
0.1,0.01,1.0,0.001,-0.00099999,1e-06,0,unit_total_var,0.2612820512820513,5.950331229817648e-12,0.147625,6.447637008741155e-11,5.950331229817648e-12,10.348594376852787,2.361846474762327e-07,1.6059036991982255e-13,0.026988475719652325,0.11720946080024897,11.649089384969535,0.101325,0.009675
0.1,0.01,1.0,0.001,-0.00099999,1e-06,0,unit_total_var,0.27384615384615385,5.1247492887346385e-12,0.13835,5.1110092276298965e-11,5.1247492887346385e-12,9.9883404121083,1.981111923316979e-07,1.390777421458329e-13,0.027138448011799782,0.1178607821894292,11.649089384969535,0.101325,0.009675
0.1,0.01,1.0,0.001,-0.00099999,1e-06,0,unit_total_var,0.2864102564102564,4.471850607975362e-12,0.12965,3.9840357940109495e-11,4.471850607975362e-12,9.49835945070626,1.6766736334344474e-07,1.2208176852270838e-13,0.027300055217627475,0.1185626333666969,11.649089384969535,0.101325,0.009675
0.1,0.01,1.0,0.001,-0.00099999,1e-06,0,unit_total_var,0.298974358974359,3.94822877555433e-12,0.1215375,3.068249454907357e-11,3.94822877555433e-12,8.904883563164645,1.4309543074713737e-07,1.084556331152363e-13,0.027469439913600034,0.11929826175449432,11.649089384969535,0.101325,0.009675
0.1,0.01,1.0,0.001,-0.00099999,1e-06,0,unit_total_var,0.31153846153846154,3.522801374248032e-12,0.114325,2.3470346110880424e-11,3.522801374248032e-12,8.236313369798268,1.2309338756041307e-07,9.738262387470338e-14,0.02764351819168074,0.12005427411039102,11.649089384969535,0.101325,0.009675
0.1,0.01,1.0,0.001,-0.00099999,1e-06,0,unit_total_var,0.3241025641025641,3.172943039694246e-12,0.1076625,1.7912640809463397e-11,3.172943039694246e-12,7.516973415977745,1.0668837939040009e-07,8.82709658283207e-14,0.027819902445152856,0.12082030119016667,11.649089384969535,0.101325,0.009675
0.1,0.01,1.0,0.001,-0.00099999,1e-06,0,unit_total_var,0.33666666666666667,2.8819161881638687e-12,0.101825,1.3703987877376643e-11,2.8819161881638687e-12,6.771656192612241,9.315028991216915e-08,8.068452694726435e-14,0.027996833245407533,0.12158870189245999,11.649089384969535,0.101325,0.009675
0.1,0.01,1.0,0.001,-0.00099999,1e-06,0,unit_total_var,0.34923076923076923,2.6371291342654698e-12,0.0964,1.055524706093648e-11,2.6371291342654698e-12,6.0233700632242915,8.193135992166666e-08,7.429623583876845e-14,0.028173150443564637,0.12235443775470273,11.649089384969535,0.101325,0.009675
0.1,0.01,1.0,0.001,-0.00099999,1e-06,0,unit_total_var,0.3617948717948718,2.4289233487485315e-12,0.091475,8.219653694191008e-12,2.4289233487485315e-12,5.294397107922094,7.2628701854944e-08,6.885582705586531e-14,0.028348291472986294,0.12311506558102953,11.649089384969535,0.101325,0.009675
0.1,0.01,1.0,0.001,-0.00099999,1e-06,0,unit_total_var,0.37435897435897436,2.2497030934225055e-12,0.0869625,6.495573552382181e-12,2.2497030934225055e-12,4.6049229936217415,6.495786052491673e-08,6.416696048125811e-14,0.028522412876998804,0.12387126523046832,11.649089384969535,0.101325,0.009675
0.1,0.01,1.0,0.001,-0.00099999,1e-06,0,unit_total_var,0.3869230769230769,2.093264455514701e-12,0.082625,5.225063034083798e-12,2.093264455514701e-12,3.9726743504363924,5.8753334273346946e-08,6.006947066688537e-14,0.02869655122105211,0.12462753844956953,11.649089384969535,0.101325,0.009675
0.1,0.01,1.0,0.001,-0.00099999,1e-06,0,unit_total_var,0.3994871794871795,1.9542433122302897e-12,0.0785625,4.287410124241684e-12,1.9542433122302897e-12,3.4121639475621492,5.39646863197319e-08,5.6425310873780726e-14,0.028873227054508923,0.12539483184512903,11.649089384969535,0.101325,0.009675
0.1,0.01,1.0,0.001,-0.00099999,1e-06,0,unit_total_var,0.41205128205128205,1.827541329123839e-12,0.074675,3.5923390640161234e-12,1.827541329123839e-12,2.9351011380797303,5.073174921651017e-08,5.310289425896486e-14,0.0290570141494001,0.1261930090566917,11.649089384969535,0.101325,0.009675
0.1,0.01,1.0,0.001,-0.00099999,1e-06,0,unit_total_var,0.4246153846153846,1.707723153137927e-12,0.0709375,3.0733033064651578e-12,1.707723153137927e-12,2.551879566179551,4.9393855439863735e-08,4.9962872530108315e-14,0.029257009509007333,0.1270615778675285,11.649089384969535,0.101325,0.009675
0.1,0.01,1.0,0.001,-0.00099999,1e-06,0,unit_total_var,0.4371794871794872,1.5880109618483192e-12,0.0670875,2.6818078576526144e-12,1.5880109618483192e-12,2.2757416293419226,5.084832277285463e-08,4.6827920730142135e-14,0.02948841151300249,0.128066544001893,11.649089384969535,0.101325,0.009675
0.1,0.01,1.0,0.001,-0.00099999,1e-06,0,unit_total_var,0.44974358974358974,1.459206992268778e-12,0.06265,2.38277794815395e-12,1.459206992268778e-12,2.12966670135458,5.647593937938148e-08,4.346065075499257e-14,0.029783746230149198,0.12934916638160573,11.649089384969535,0.101325,0.009675
0.1,0.01,1.0,0.001,-0.00099999,1e-06,0,unit_total_var,0.4623076923076923,1.3070826106537478e-12,0.0566375,2.150979081389554e-12,1.3070826106537478e-12,2.1633314995883097,6.991558921097099e-08,3.947011555338087e-14,0.030197108607878713,0.1311443763783491,11.649089384969535,0.101325,0.009675
0.1,0.01,1.0,0.001,-0.00099999,1e-06,0,unit_total_var,0.4748717948717949,1.1113286917128861e-12,0.048475,1.968313132859897e-12,1.1113286917128861e-12,2.4825166327583617,9.616245256062526e-08,3.430586020642081e-14,0.03086922929484106,0.1340633594335568,11.649089384969535,0.101325,0.009675
0.1,0.01,1.0,0.001,-0.00099999,1e-06,0,unit_total_var,0.48743589743589744,8.403743321213136e-13,0.0352,1.8218221530650786e-12,8.403743321213136e-13,3.360331996104833,1.523932176486649e-07,2.6953112860266713e-14,0.026953112860266713,0.11705588185329405,11.649089384969535,0.101325,0.009675
0.1,0.01,1.0,0.001,-0.00099999,1e-06,0,unit_total_var,0.5,4.694024122981133e-13,0.009675,1.702230547580426e-12,4.694024122981133e-13,5.594730627887827,2.6318420670209456e-07,1.6699495388000498e-14,0.016699495388000498,0.07252498697577418,11.649089384969535,0.101325,0.009675
