alpha,test_pred_mse_mean,test_pred_mse_median,test_pred_mse_q25,test_pred_mse_q75,test_pred_mse_count,param_mse_mean,param_mse_median,param_mse_q25,param_mse_q75,train_pred_mse_median,success_count,total_count,max_train_pred_mse_all,param_mse_mean_db,param_mse_median_db,param_mse_q25_db,param_mse_q75_db,pred_mse_from_param_mean,pred_mse_from_param_median,pred_mse_from_param_q25,pred_mse_from_param_q75,pred_mse_from_param_mean_db,pred_mse_from_param_median_db,pred_mse_from_param_q25_db,pred_mse_from_param_q75_db
0.05,0.0888647300501664,0.0852051563560962,0.0633033132180571,0.1171744167804718,6,0.892278661330541,0.8592659831047058,0.6313150823116302,1.1670564115047457,3.621457608460332e-06,0,6,4.879128937318456e-06,-0.4949949295730533,-0.6587238085542185,-1.997538351198623,0.6709184885866416,0.0892278661330541,0.0859265983104705,0.063131508231163,0.1167056411504745,-10.494994929573007,-10.658723808554171,-11.997538351198562,-9.329081511413325
0.1,0.0791906292239825,0.0779641456902027,0.0577492238953709,0.1013648249208927,6,0.7974997311830521,0.7878153920173645,0.5760956108570099,1.0348511040210724,8.197396255127387e-06,0,6,8.613266800239217e-06,-0.9826945466041936,-1.0357553837467393,-2.395054335529245,0.1487786732546701,0.0797499731183052,0.0787815392017364,0.0576095610857009,0.1034851104021072,-10.982694546604144,-11.035755383746688,-12.395054335529176,-9.851221326745293
0.15,0.0668576477716366,0.069550484418869,0.0499026104807853,0.0817241426557302,6,0.6717174996932348,0.7006903886795044,0.4987733066082001,0.8291108310222626,9.244155080523342e-06,0,6,9.545323337079026e-06,-1.7281333724365069,-1.54473839652254,-3.0209679718019915,-0.8138741144713229,0.0671717499693234,0.0700690388679504,0.04987733066082,0.0829110831022262,-11.72813337243645,-11.544738396522485,-13.020967971801912,-10.813874114471275
0.2,0.0555512768526872,0.0572816245257854,0.0429653795436024,0.0652934936806559,6,0.5591133336226145,0.5791450440883636,0.4307698011398315,0.6646874845027924,9.673364729678724e-06,0,6,9.756116014614236e-06,-2.525001506501499,-2.372126556878515,-3.657547502627198,-1.7738249854276444,0.0559113333622614,0.0579145044088363,0.0430769801139831,0.0664687484502792,-12.525001506501429,-12.372126556878449,-13.657547502627107,-11.773824985427586
0.25,0.0423756130039691,0.0429239775985479,0.0347678624093532,0.0480018584057688,6,0.4270198593537013,0.4335740804672241,0.3494566529989242,0.4905357509851455,9.814495570026338e-06,0,6,9.842869076237548e-06,-3.695519268317265,-3.629366882928248,-4.566066869594595,-3.093293350938956,0.0427019859353701,0.0433574080467224,0.0349456652998924,0.0490535750985145,-13.695519268317174,-13.629366882928158,-14.566066869594485,-13.093293350938875
0.3,0.0346809485927224,0.0354646649211645,0.0296421493403613,0.0403896700590848,6,0.3499199524521827,0.3584195226430893,0.2986720353364944,0.4117734059691429,9.891059107758338e-06,0,6,9.928388863045257e-06,-4.560312933192287,-4.456083429126646,-5.248054384859088,-3.853417053474341,0.0349919952452182,0.0358419522643089,0.0298672035336494,0.0411773405969142,-14.560312933192174,-14.456083429126537,-15.248054384858955,-13.853417053474246
0.35,0.027673665434122,0.0281652398407459,0.0228707143105566,0.0325992414727807,6,0.2800788631041844,0.2858789935708046,0.2306537628173828,0.3346232920885086,9.925518952513812e-06,0,6,9.944145858753473e-06,-5.527196651271316,-5.438177554900497,-6.370394560459749,-4.75443832430872,0.0280078863104184,0.0285878993570804,0.0230653762817382,0.0334623292088508,-15.527196651271176,-15.438177554900358,-16.37039456045958,-14.754438324308603
0.4,0.0223316713236272,0.0222923876717686,0.0183977042324841,0.0264544677920639,6,0.2261931026975313,0.2271869257092476,0.1865332685410976,0.2707413360476494,9.95872414932819e-06,0,6,9.969579878088553e-06,-6.455206421429754,-6.4361666528367785,-7.292436997518108,-5.674454322719908,0.0226193102697531,0.0227186925709247,0.0186533268541097,0.0270741336047649,-16.45520642142958,-16.436166652836604,-17.292436997517896,-15.674454322719765
0.45,0.0171694870417316,0.0179129070602357,0.0148201866541057,0.0207295701839029,6,0.1737959211071332,0.1797080934047699,0.1504027619957924,0.2105004638433456,9.970505288947606e-06,0,6,9.983149539039005e-06,-7.599604204158395,-7.454323633925235,-8.227441882888044,-6.767469428478666,0.0173795921107133,0.0179708093404769,0.0150402761995792,0.0210500463843345,-17.59960420415817,-17.454323633925018,-18.227441882887785,-16.76746942847848
0.5,0.0135574460340042,0.0140730333514511,0.0118161719292402,0.0158957010135054,6,0.1369657218456268,0.1411709412932396,0.1190201491117477,0.1617039367556572,9.982219125959093e-06,0,6,9.989003046939615e-06,-8.633881093106423,-8.502546895077662,-9.243795099746936,-7.912794068688188,0.0136965721845626,0.0141170941293239,0.0119020149111747,0.0161703936755657,-18.633881093106137,-18.502546895077387,-19.24379509974661,-17.912794068687948
0.55,0.0108494528103619,0.0112551762722432,0.0096178741659969,0.012796176597476,6,0.1093391850590705,0.1126738749444484,0.0967982783913612,0.1297220271080732,9.99075518848258e-06,0,6,9.992392733693125e-06,-9.612241673720936,-9.481767696923685,-10.141323667802462,-8.869862734204933,0.010933918505907,0.0112673874944448,0.0096798278391361,0.0129722027108073,-19.61224167372058,-19.48176769692333,-20.14132366780206,-18.86986273420463
0.6,0.0084435275445381,0.0088761439546942,0.0076445877784863,0.0096302302554249,6,0.0853782737006743,0.0886423923075199,0.077381232753396,0.097205925732851,9.992746072384762e-06,0,6,9.99302210402675e-06,-10.686526306265936,-10.52358531587495,-11.113643558536817,-10.123072594087482,0.0085378273700674,0.0088642392307519,0.0077381232753396,0.0097205925732851,-20.68652630626548,-20.52358531587451,-21.11364355853631,-20.12307259408708
0.65,0.0065382757845024,0.0069120151456445,0.0059239325346425,0.0073637984460219,6,0.0661535443117221,0.0695117637515068,0.0599809987470507,0.0741309318691492,9.995061191148125e-06,0,6,9.996514563681558e-06,-11.7944688263615,-11.579416918121956,-12.219863070539482,-11.300005405084203,0.0066153544311722,0.0069511763751506,0.005998099874705,0.0074130931869149,-21.79446882636091,-21.579416918121392,-22.21986307053883,-21.30000540508368
0.7,0.0049670269169534,0.0050086020492017,0.0043207408161833,0.005940860020928,6,0.0502514466643333,0.0507003329694271,0.0431840177625417,0.0599079430103302,9.997365850722416e-06,0,6,9.997937922889832e-06,-12.988514310359538,-12.94989188471192,-13.646769541525853,-12.225155920203694,0.0050251446664333,0.0050700332969427,0.0043184017762541,0.005990794301033,-22.98851431035876,-22.94989188471115,-23.646769541524947,-22.22515592020304
0.75,0.0037378543832649,0.003719488508068,0.0031040821340866,0.0043656367342919,6,0.0378221748396754,0.0371705666184425,0.0309060323052108,0.0442371694371104,9.997986580856376e-06,0,6,9.998594578064512e-06,-14.222535020982193,-14.298008185817624,-15.099567457796558,-13.542126696141024,0.0037822174839675,0.0037170566618442,0.003090603230521,0.004423716943711,-24.22253502098116,-24.29800818581657,-25.099567457795292,-23.54212669614014
0.8,0.0026388922900271,0.0026942449621856,0.0021435096277855,0.0031552803120575,6,0.0265216066812475,0.0269363243132829,0.021489537321031,0.0311617129482328,9.998709629144288e-06,0,6,9.998903806263115e-06,-15.76400169872679,-15.69661667683908,-16.677729349546166,-15.063786773307076,0.0026521606681247,0.0026936324313282,0.0021489537321031,0.0031161712948232,-25.76400169872532,-25.69661667683763,-26.677729349544347,-25.06378677330582
0.85,0.0018185898855639,0.0017615972901694,0.0013954451133031,0.0022295444505289,6,0.0182647799762586,0.0175941558554768,0.0138510260730981,0.0220398288220167,9.999173471442193e-06,0,6,9.999437679653056e-06,-17.383855550793236,-17.54631565208582,-18.58518053214764,-16.567917828666154,0.0018264779976258,0.0017594155855476,0.0013851026073098,0.0022039828822016,-27.383855550791093,-27.5463156520836,-28.58518053214481,-26.56791782866438
0.9,0.0011856503163774,0.0011376460315659,0.0009503585752099,0.0012795233924407,6,0.0118369821769495,0.0112978490069508,0.0096161607652902,0.0125918532721698,9.999612757383147e-06,0,6,9.999721442000007e-06,-19.267590063085787,-19.47004233802722,-20.16998284640918,-18.99910345615397,0.0011836982176949,0.001129784900695,0.000961616076529,0.0012591853272169,-29.267590063082487,-29.47004233802376,-30.16998284640512,-28.99910345615087
0.95,0.0006255718908505,0.0005948331381659,0.0005337073816917,0.0006480607407866,6,0.0062796872419615,0.0059334409888833,0.0054059827234596,0.0064338529482483,9.999703252105974e-06,0,6,9.999833309848327e-06,-22.02061985637368,-22.266933725589297,-22.671253465614,-21.91528869528813,0.0006279687241961,0.0005933440988883,0.0005405982723459,0.0006433852948248,-32.02061985636746,-32.26693372558271,-32.67125346560676,-31.91528869528205
1.0,0.0003245848759737,0.0003230570437153,0.0002923350257333,0.000370055080566,6,0.0032587524425859,0.0032170173944905,0.0029147851746529,0.0036900652921758,9.99980466076522e-06,0,6,9.999869689636398e-06,-24.86948630299529,-24.92546590850828,-25.353934480749164,-24.32965949347382,0.0003258752442585,0.000321701739449,0.0002914785174652,0.0003690065292175,-34.8694863029833,-34.92546590849613,-35.35393448073576,-34.329659493463225
