alpha,test_pred_mse_mean,test_pred_mse_median,test_pred_mse_q25,test_pred_mse_q75,test_pred_mse_count,param_mse_mean,param_mse_median,param_mse_q25,param_mse_q75,param_mse_mean_db,param_mse_median_db,param_mse_q25_db,param_mse_q75_db,pred_mse_from_param_mean,pred_mse_from_param_median,pred_mse_from_param_q25,pred_mse_from_param_q75,pred_mse_from_param_mean_db,pred_mse_from_param_median_db,pred_mse_from_param_q25_db,pred_mse_from_param_q75_db
0.008,0.0786517158150672,0.0651497244834899,0.0627696886658668,0.0913855358958244,5,0.7932672500610352,0.6556509137153625,0.6555113196372986,0.9319300055503844,-1.005804751369542,-1.8332732922128876,-1.834198043345836,-0.3061670496872414,0.0793267250061035,0.0655650913715362,0.0655511319637298,0.0931930005550384,-11.005804751369492,-11.833273292212828,-11.834198043345776,-10.3061670496872
0.016,0.0974002543836832,0.0924113020300865,0.081607649102807,0.1156074553728103,20,0.9752194464206696,0.9366892278194427,0.8287580758333206,1.1534571051597595,-0.1089764722869651,-0.2840447424573305,-0.8157222658384025,0.6200144858506903,0.0975219446420669,0.0936689227819442,0.082875807583332,0.1153457105159759,-10.108976472286926,-10.284044742457288,-10.815722265838357,-9.379985514149276
0.032,0.0986123466864228,0.0963294059038162,0.0824527498334646,0.1160171367228031,20,0.9867848217487336,0.9685386419296264,0.8385297507047653,1.160355031490326,-0.0577753924053569,-0.1388304748795113,-0.7648152418764892,0.6459088976693207,0.0986784821748733,0.0968538641929626,0.0838529750704765,0.1160355031490326,-10.057775392405317,-10.13883047487947,-10.76481524187644,-9.354091102330646
0.064,0.0916909784078598,0.0874119699001312,0.0767828729003667,0.1104786545038223,20,0.9182979330420494,0.8839914202690125,0.7775949239730835,1.0979752242565155,-0.3701639321697013,-0.5355195008636799,-1.092465830839355,0.4059254039633359,0.0918297933042049,0.0883991420269012,0.0777594923973083,0.1097975224256515,-10.37016393216966,-10.535519500863636,-11.092465830839304,-9.594074596036627
0.1,0.0845143539831042,0.082012053579092,0.0706709809601306,0.1046706549823284,20,0.8459283456206321,0.8231448233127594,0.7154271006584167,1.0418785512447355,-0.7266642232681348,-0.8452374870956458,-1.4543461263059945,0.1781709746805131,0.0845928345620632,0.0823144823312759,0.0715427100658416,0.1041878551244735,-10.726664223268088,-10.8452374870956,-11.45434612630594,-9.821829025319447
0.15,0.084683951921761,0.0808480009436607,0.072116969153285,0.1023656595498323,20,0.8479021221399308,0.8082139790058136,0.7274720221757889,1.0159322321414948,-0.7165427777617002,-0.9247364219752208,-1.3818370453905464,0.0686473925835056,0.084790212213993,0.0808213979005813,0.0727472022175789,0.1015932232141494,-10.716542777761656,-10.924736421975172,-11.381837045390492,-9.931352607416455
0.2,0.0679032433778047,0.0645559951663017,0.0560168409720063,0.0851194579154253,20,0.6799713104963303,0.6557758450508118,0.5690330564975739,0.8448519855737686,-1.6750941075843906,-1.8324458424235055,-2.448625036620728,-0.7321937090732128,0.067997131049633,0.0655775845050811,0.0569033056497573,0.0844851985573768,-11.675094107584332,-11.832445842423446,-12.44862503662066,-10.732193709073163
0.25,0.0539882971905171,0.0516318716108799,0.0443796012550592,0.0668350085616111,20,0.5405778780579567,0.5213797390460968,0.4512370377779007,0.6601483970880508,-2.671417308051379,-2.828458496376661,-3.455952604378314,-1.803584268942256,0.0540577878057956,0.0521379739046096,0.04512370377779,0.066014839708805,-12.671417308051309,-12.828458496376587,-13.455952604378227,-11.803584268942195
0.3,0.0426540676504373,0.0402199700474739,0.035768361762166,0.0516234086826443,20,0.4271541275084018,0.404750645160675,0.3617082089185714,0.5120968371629715,-3.694153927764663,-3.9281245032135033,-4.416416348723767,-2.90647906467713,0.0427154127508401,0.0404750645160675,0.0361708208918571,0.0512096837162971,-13.694153927764573,-13.928124503213406,-14.41641634872366,-12.906479064677054
0.35,0.0334525722078979,0.0312261618673801,0.0264977565966546,0.0416031051427125,20,0.3352515332400799,0.3140163719654083,0.268154114484787,0.4181191176176071,-4.74629227268507,-5.030477083953288,-5.716155349517788,-3.786999747934737,0.0335251533240079,0.0314016371965408,0.0268154114484787,0.0418119117617607,-14.746292272684954,-15.030477083953164,-15.716155349517642,-13.786999747934644
0.4,0.0258974326308816,0.0252028433606028,0.0201334655284881,0.0326789850369095,20,0.2596808865666389,0.2510852739214897,0.1999000236392021,0.3212483078241348,-5.855600148070367,-6.001787577855992,-6.9918715452433,-4.931591513013519,0.0259680886566638,0.0251085273921489,0.0199900023639202,0.0321248307824134,-15.855600148070216,-16.001787577855836,-16.991871545243104,-14.931591513013396
0.5,0.0149778243619948,0.0149391060695052,0.0123363665770739,0.0175725491717457,20,0.1502211716026067,0.1495951488614082,0.1233500074595213,0.1763191185891628,-8.23268855199884,-8.25082489739479,-9.088608199105298,-7.537005938402148,0.0150221171602606,0.0149595148861408,0.0123350007459521,0.0176319118589162,-18.23268855199858,-18.25082489739453,-19.088608199104986,-17.537005938401926
0.6,0.0088580137118697,0.0093200174160301,0.0075143675785511,0.0104093661066144,20,0.0889071382582187,0.0926664806902408,0.0750068798661232,0.1048008240759372,-10.51063368594468,-10.330773304053572,-11.248988999301591,-9.79635302369224,0.0088907138258218,0.009266648069024,0.0075006879866123,0.0104800824075937,-20.51063368594424,-20.330773304053157,-21.24898899930107,-19.796353023691868
0.7,0.0050789006636478,0.0050093557219952,0.0041476285550743,0.005985404131934,20,0.0508920891210436,0.0501441415399313,0.0416403682902455,0.0604537576436996,-12.933497209655886,-12.997797993435077,-13.804854380060148,-12.185766993821163,0.0050892089121043,0.0050144141539931,0.0041640368290245,0.0060453757643699,-22.93349720965512,-22.997797993434297,-23.80485438005921,-22.18576699382052
0.8,0.0158585729193873,0.0028879755409434,0.0022456297883763,0.0033399455132894,20,0.1592266701627522,0.0290267830714583,0.0226624603383243,0.0331472903490066,-7.979841870102808,-15.372010927156351,-16.446929429565138,-14.795519675479332,0.0159226670162752,0.0029026783071458,0.0022662460338324,0.0033147290349006,-17.97984187010256,-25.372010927155006,-26.44692942956341,-24.79551967547815
0.9,0.0153637054841965,0.0011054628412239,0.000887386224349,0.0013937759213149,20,0.1550675026606768,0.0111593049950897,0.0090021702926605,0.0135432118549942,-8.094792073050792,-19.52362852548624,-20.456527758383668,-18.682783278602848,0.0155067502660676,0.0011159304995089,0.000900217029266,0.0013543211854994,-18.09479207305054,-29.52362852548273,-30.456527758379327,-28.682783278599963
0.95,0.0263161959985154,0.0005027993174735,0.0004158147421549,0.0171512193919625,20,0.2642493426217697,0.00500372168608,0.0042015714570879,0.1758436050731688,-5.779860844220219,-23.00706854366443,-23.765882459121336,-7.548734211027099,0.0264249342621769,0.000500372168608,0.0004201571457087,0.0175843605073168,-15.779860844220073,-33.00706854365662,-33.765882459112035,-17.548734211026876
0.975,0.0190248367049207,0.0003091290127485,0.0002698145181057,0.0004127278516534,20,0.1910765958891715,0.0030718697234988,0.0027225374942645,0.004163006262388,-7.187925044606805,-25.12597206467632,-25.65026130510486,-23.80592935805766,0.0191076595889171,0.0003071869723498,0.0002722537494264,0.0004163006262388,-17.1879250446066,-35.1259720646636,-35.6502613050905,-33.805929358048274
0.99,0.0303919115605822,0.0002344968743273,0.0002016088947129,0.0672125723212957,20,0.3068977290473412,0.0023406033869832,0.0020197936682961,0.6885436773300171,-5.130063252073334,-26.306721708556697,-26.946929935716128,-1.6206850533914063,0.0306897729047341,0.0002340603386983,0.0002019793668296,0.0688543677330017,-15.130063252073208,-36.30672170854,-36.94692993569677,-11.620685053391348
1.0,0.0353771983132901,0.0001679409688222,0.0001474526361562,0.0735248401761055,20,0.3567644485912751,0.0016887316596694,0.0014606456388719,0.7493093311786652,-4.4761842937968845,-27.724393545633657,-28.35455133654173,-1.2533885908190507,0.0356764448591275,0.0001688731659669,0.0001460645638871,0.0749309331178665,-14.476184293796774,-37.72439354561052,-38.35455133651497,-11.253388590818998
