timestamp,seed,active_dim_1,active_dim_2,model_scaling,scaling,n_train1,n_train2,lr,threshold,epochs,overlap,linear_readout,one_task,load_model,init_method,lmda,c,final_train_loss,final_val_loss,final_epoch,save_path
2025-10-09 11:13:52,0,40,5,0.001,0.001,1024,16,0.1,1e-10,100000,5,False,True,True,simple,0.0,1e-05,9.963876251850579e-11,1.008826732635498,4221,data/diagonal/sparse_overlap/seed=0--active_dim_2=5--one_task=True--n_train2=16--overlap_bool=yes--lmda=0--c=1e-05--init_method=simple--load_model=True--linear_readout=False/
2025-10-09 11:14:04,0,40,5,0.001,0.001,1024,16,0.1,1e-10,100000,5,False,True,False,simple,0.0,1e-05,9.927902944184552e-11,1.0079131126403809,1124,data/diagonal/sparse_overlap/seed=0--active_dim_2=5--one_task=True--n_train2=16--overlap_bool=yes--lmda=0--c=1e-05--init_method=simple--load_model=False--linear_readout=False/
2025-10-09 11:14:17,0,40,5,0.001,0.001,1024,16,0.1,1e-10,100000,5,False,True,True,simple,0.0,1e-05,9.963876251850579e-11,1.008826732635498,4221,data/diagonal/sparse_overlap/seed=0--active_dim_2=5--one_task=True--n_train2=16--overlap_bool=yes--lmda=0--c=1e-05--init_method=simple--load_model=True--linear_readout=False/
2025-10-09 11:14:28,0,40,5,0.001,0.001,1024,16,0.1,1e-10,100000,5,False,True,False,simple,0.0,1e-05,9.910057496842484e-11,1.008182168006897,1220,data/diagonal/sparse_overlap/seed=0--active_dim_2=5--one_task=True--n_train2=16--overlap_bool=yes--lmda=0--c=1e-05--init_method=simple--load_model=False--linear_readout=False/
2025-10-09 11:14:40,0,40,5,0.001,0.001,1024,16,0.1,1e-10,100000,0,False,True,True,simple,0.0,1e-05,9.971896225424715e-11,1.0823802947998047,2322,data/diagonal/sparse_overlap/seed=0--active_dim_2=5--one_task=True--n_train2=16--overlap_bool=no--lmda=0--c=1e-05--init_method=simple--load_model=True--linear_readout=False/
2025-10-09 11:14:52,0,40,5,0.001,0.001,1024,16,0.1,1e-10,100000,0,False,True,False,simple,0.0,1e-05,9.817265750333704e-11,1.035177230834961,830,data/diagonal/sparse_overlap/seed=0--active_dim_2=5--one_task=True--n_train2=16--overlap_bool=no--lmda=0--c=1e-05--init_method=simple--load_model=False--linear_readout=False/
2025-10-09 11:15:05,0,40,5,0.001,0.001,1024,16,0.1,1e-10,100000,0,False,True,True,simple,0.0,1e-05,9.971896225424715e-11,1.0823802947998047,2322,data/diagonal/sparse_overlap/seed=0--active_dim_2=5--one_task=True--n_train2=16--overlap_bool=no--lmda=0--c=1e-05--init_method=simple--load_model=True--linear_readout=False/
2025-10-09 11:15:16,0,40,5,0.001,0.001,1024,16,0.1,1e-10,100000,0,False,True,False,simple,0.0,1e-05,9.960871016900796e-11,1.0403388738632202,913,data/diagonal/sparse_overlap/seed=0--active_dim_2=5--one_task=True--n_train2=16--overlap_bool=no--lmda=0--c=1e-05--init_method=simple--load_model=False--linear_readout=False/
2025-10-09 11:16:08,0,40,5,0.001,0.001,1024,32,0.1,1e-10,100000,5,False,True,True,simple,0.0,1e-05,1.1792404552846136e-10,0.0009946783538907766,99999,data/diagonal/sparse_overlap/seed=0--active_dim_2=5--one_task=True--n_train2=32--overlap_bool=yes--lmda=0--c=1e-05--init_method=simple--load_model=True--linear_readout=False/
2025-10-09 11:16:20,0,40,5,0.001,0.001,1024,32,0.1,1e-10,100000,5,False,True,False,simple,0.0,1e-05,9.996319050298297e-11,0.9907373785972595,1777,data/diagonal/sparse_overlap/seed=0--active_dim_2=5--one_task=True--n_train2=32--overlap_bool=yes--lmda=0--c=1e-05--init_method=simple--load_model=False--linear_readout=False/
2025-10-09 11:17:15,0,40,5,0.001,0.001,1024,32,0.1,1e-10,100000,5,False,True,True,simple,0.0,1e-05,1.1792404552846136e-10,0.0009946783538907766,99999,data/diagonal/sparse_overlap/seed=0--active_dim_2=5--one_task=True--n_train2=32--overlap_bool=yes--lmda=0--c=1e-05--init_method=simple--load_model=True--linear_readout=False/
2025-10-09 11:17:27,0,40,5,0.001,0.001,1024,32,0.1,1e-10,100000,5,False,True,False,simple,0.0,1e-05,9.931940686547236e-11,0.99469393491745,1952,data/diagonal/sparse_overlap/seed=0--active_dim_2=5--one_task=True--n_train2=32--overlap_bool=yes--lmda=0--c=1e-05--init_method=simple--load_model=False--linear_readout=False/
2025-10-09 11:17:42,0,40,5,0.001,0.001,1024,32,0.1,1e-10,100000,0,False,True,True,simple,0.0,1e-05,9.989768040563618e-11,0.6563860774040222,6708,data/diagonal/sparse_overlap/seed=0--active_dim_2=5--one_task=True--n_train2=32--overlap_bool=no--lmda=0--c=1e-05--init_method=simple--load_model=True--linear_readout=False/
2025-10-09 11:17:54,0,40,5,0.001,0.001,1024,32,0.1,1e-10,100000,0,False,True,False,simple,0.0,1e-05,9.939557510385555e-11,0.6716625094413757,1892,data/diagonal/sparse_overlap/seed=0--active_dim_2=5--one_task=True--n_train2=32--overlap_bool=no--lmda=0--c=1e-05--init_method=simple--load_model=False--linear_readout=False/
2025-10-09 11:18:08,0,40,5,0.001,0.001,1024,32,0.1,1e-10,100000,0,False,True,True,simple,0.0,1e-05,9.989768040563618e-11,0.6563860774040222,6708,data/diagonal/sparse_overlap/seed=0--active_dim_2=5--one_task=True--n_train2=32--overlap_bool=no--lmda=0--c=1e-05--init_method=simple--load_model=True--linear_readout=False/
2025-10-09 11:18:20,0,40,5,0.001,0.001,1024,32,0.1,1e-10,100000,0,False,True,False,simple,0.0,1e-05,9.97844099015488e-11,0.6704356670379639,2150,data/diagonal/sparse_overlap/seed=0--active_dim_2=5--one_task=True--n_train2=32--overlap_bool=no--lmda=0--c=1e-05--init_method=simple--load_model=False--linear_readout=False/
2025-10-09 11:19:22,0,40,5,0.001,0.001,1024,64,0.1,1e-10,100000,5,False,True,True,simple,0.0,1e-05,1.7335974877852323e-09,2.8516167205339116e-09,99999,data/diagonal/sparse_overlap/seed=0--active_dim_2=5--one_task=True--n_train2=64--overlap_bool=yes--lmda=0--c=1e-05--init_method=simple--load_model=True--linear_readout=False/
2025-10-09 11:19:51,0,40,5,0.001,0.001,1024,64,0.1,1e-10,100000,5,False,True,False,simple,0.0,1e-05,9.989364890827801e-11,0.020335089415311813,10985,data/diagonal/sparse_overlap/seed=0--active_dim_2=5--one_task=True--n_train2=64--overlap_bool=yes--lmda=0--c=1e-05--init_method=simple--load_model=False--linear_readout=False/
2025-10-09 11:20:52,0,40,5,0.001,0.001,1024,64,0.1,1e-10,100000,5,False,True,True,simple,0.0,1e-05,1.7335974877852323e-09,2.8516167205339116e-09,99999,data/diagonal/sparse_overlap/seed=0--active_dim_2=5--one_task=True--n_train2=64--overlap_bool=yes--lmda=0--c=1e-05--init_method=simple--load_model=True--linear_readout=False/
2025-10-09 11:21:11,0,40,5,0.001,0.001,1024,64,0.1,1e-10,100000,5,False,True,False,simple,0.0,1e-05,9.990036575757699e-11,0.012912701815366745,14261,data/diagonal/sparse_overlap/seed=0--active_dim_2=5--one_task=True--n_train2=64--overlap_bool=yes--lmda=0--c=1e-05--init_method=simple--load_model=False--linear_readout=False/
2025-10-09 11:22:07,0,40,5,0.001,0.001,1024,64,0.1,1e-10,100000,0,False,True,True,simple,0.0,1e-05,2.345649185997445e-08,8.030739991227165e-05,99999,data/diagonal/sparse_overlap/seed=0--active_dim_2=5--one_task=True--n_train2=64--overlap_bool=no--lmda=0--c=1e-05--init_method=simple--load_model=True--linear_readout=False/
2025-10-09 11:22:24,0,40,5,0.001,0.001,1024,64,0.1,1e-10,100000,0,False,True,False,simple,0.0,1e-05,9.987095872521223e-11,0.034983742982149124,9604,data/diagonal/sparse_overlap/seed=0--active_dim_2=5--one_task=True--n_train2=64--overlap_bool=no--lmda=0--c=1e-05--init_method=simple--load_model=False--linear_readout=False/
2025-10-09 11:23:24,0,40,5,0.001,0.001,1024,64,0.1,1e-10,100000,0,False,True,True,simple,0.0,1e-05,2.345649185997445e-08,8.030739991227165e-05,99999,data/diagonal/sparse_overlap/seed=0--active_dim_2=5--one_task=True--n_train2=64--overlap_bool=no--lmda=0--c=1e-05--init_method=simple--load_model=True--linear_readout=False/
2025-10-09 11:23:41,0,40,5,0.001,0.001,1024,64,0.1,1e-10,100000,0,False,True,False,simple,0.0,1e-05,9.994376160005203e-11,0.023623758926987648,12225,data/diagonal/sparse_overlap/seed=0--active_dim_2=5--one_task=True--n_train2=64--overlap_bool=no--lmda=0--c=1e-05--init_method=simple--load_model=False--linear_readout=False/
2025-10-09 11:25:37,0,40,5,0.001,0.001,1024,128,0.1,1e-10,100000,5,False,True,True,simple,0.0,1e-05,1.2390355408342657e-09,1.2703227358912272e-09,99999,data/diagonal/sparse_overlap/seed=0--active_dim_2=5--one_task=True--n_train2=128--overlap_bool=yes--lmda=0--c=1e-05--init_method=simple--load_model=True--linear_readout=False/
2025-10-09 11:26:37,0,40,5,0.001,0.001,1024,128,0.1,1e-10,100000,5,False,True,False,simple,0.0,1e-05,7.614265884470228e-10,4.863395952270366e-05,99999,data/diagonal/sparse_overlap/seed=0--active_dim_2=5--one_task=True--n_train2=128--overlap_bool=yes--lmda=0--c=1e-05--init_method=simple--load_model=False--linear_readout=False/
2025-10-09 11:27:34,0,40,5,0.001,0.001,1024,128,0.1,1e-10,100000,5,False,True,True,simple,0.0,1e-05,1.2390355408342657e-09,1.2703227358912272e-09,99999,data/diagonal/sparse_overlap/seed=0--active_dim_2=5--one_task=True--n_train2=128--overlap_bool=yes--lmda=0--c=1e-05--init_method=simple--load_model=True--linear_readout=False/
2025-10-09 11:28:33,0,40,5,0.001,0.001,1024,128,0.1,1e-10,100000,5,False,True,False,simple,0.0,1e-05,3.285130389940605e-09,2.1340352759580128e-05,99999,data/diagonal/sparse_overlap/seed=0--active_dim_2=5--one_task=True--n_train2=128--overlap_bool=yes--lmda=0--c=1e-05--init_method=simple--load_model=False--linear_readout=False/
2025-10-09 11:29:32,0,40,5,0.001,0.001,1024,128,0.1,1e-10,100000,0,False,True,True,simple,0.0,1e-05,2.4928683561853404e-09,3.928905201178168e-09,99999,data/diagonal/sparse_overlap/seed=0--active_dim_2=5--one_task=True--n_train2=128--overlap_bool=no--lmda=0--c=1e-05--init_method=simple--load_model=True--linear_readout=False/
2025-10-09 11:30:38,0,40,5,0.001,0.001,1024,128,0.1,1e-10,100000,0,False,True,False,simple,0.0,1e-05,1.5476075976295078e-09,1.3018395293329377e-05,99999,data/diagonal/sparse_overlap/seed=0--active_dim_2=5--one_task=True--n_train2=128--overlap_bool=no--lmda=0--c=1e-05--init_method=simple--load_model=False--linear_readout=False/
2025-10-09 11:31:39,0,40,5,0.001,0.001,1024,128,0.1,1e-10,100000,0,False,True,True,simple,0.0,1e-05,2.4928683561853404e-09,3.928905201178168e-09,99999,data/diagonal/sparse_overlap/seed=0--active_dim_2=5--one_task=True--n_train2=128--overlap_bool=no--lmda=0--c=1e-05--init_method=simple--load_model=True--linear_readout=False/
2025-10-09 11:32:41,0,40,5,0.001,0.001,1024,128,0.1,1e-10,100000,0,False,True,False,simple,0.0,1e-05,5.361123989189309e-09,5.37580854143016e-06,99999,data/diagonal/sparse_overlap/seed=0--active_dim_2=5--one_task=True--n_train2=128--overlap_bool=no--lmda=0--c=1e-05--init_method=simple--load_model=False--linear_readout=False/
2025-10-09 11:32:54,0,40,40,0.001,0.001,1024,16,0.1,1e-10,100000,40,False,True,True,simple,0.0,1e-05,9.99548985247678e-11,0.827499508857727,4075,data/diagonal/sparse_overlap/seed=0--active_dim_2=40--one_task=True--n_train2=16--overlap_bool=yes--lmda=0--c=1e-05--init_method=simple--load_model=True--linear_readout=False/
2025-10-09 11:33:06,0,40,40,0.001,0.001,1024,16,0.1,1e-10,100000,40,False,True,False,simple,0.0,1e-05,9.96906446282253e-11,1.0892035961151123,952,data/diagonal/sparse_overlap/seed=0--active_dim_2=40--one_task=True--n_train2=16--overlap_bool=yes--lmda=0--c=1e-05--init_method=simple--load_model=False--linear_readout=False/
2025-10-09 11:33:20,0,40,40,0.001,0.001,1024,16,0.1,1e-10,100000,40,False,True,True,simple,0.0,1e-05,9.99548985247678e-11,0.827499508857727,4075,data/diagonal/sparse_overlap/seed=0--active_dim_2=40--one_task=True--n_train2=16--overlap_bool=yes--lmda=0--c=1e-05--init_method=simple--load_model=True--linear_readout=False/
2025-10-09 11:33:32,0,40,40,0.001,0.001,1024,16,0.1,1e-10,100000,40,False,True,False,simple,0.0,1e-05,9.85361237049176e-11,1.0950876474380493,1056,data/diagonal/sparse_overlap/seed=0--active_dim_2=40--one_task=True--n_train2=16--overlap_bool=yes--lmda=0--c=1e-05--init_method=simple--load_model=False--linear_readout=False/
2025-10-09 11:33:45,0,40,40,0.001,0.001,1024,16,0.1,1e-10,100000,0,False,True,True,simple,0.0,1e-05,9.912417414659203e-11,1.260359764099121,2238,data/diagonal/sparse_overlap/seed=0--active_dim_2=40--one_task=True--n_train2=16--overlap_bool=no--lmda=0--c=1e-05--init_method=simple--load_model=True--linear_readout=False/
2025-10-09 11:33:57,0,40,40,0.001,0.001,1024,16,0.1,1e-10,100000,0,False,True,False,simple,0.0,1e-05,9.905762321515965e-11,1.039408802986145,834,data/diagonal/sparse_overlap/seed=0--active_dim_2=40--one_task=True--n_train2=16--overlap_bool=no--lmda=0--c=1e-05--init_method=simple--load_model=False--linear_readout=False/
2025-10-09 11:34:10,0,40,40,0.001,0.001,1024,16,0.1,1e-10,100000,0,False,True,True,simple,0.0,1e-05,9.912417414659203e-11,1.260359764099121,2238,data/diagonal/sparse_overlap/seed=0--active_dim_2=40--one_task=True--n_train2=16--overlap_bool=no--lmda=0--c=1e-05--init_method=simple--load_model=True--linear_readout=False/
2025-10-09 11:34:22,0,40,40,0.001,0.001,1024,16,0.1,1e-10,100000,0,False,True,False,simple,0.0,1e-05,9.85647050089078e-11,1.0461703538894653,946,data/diagonal/sparse_overlap/seed=0--active_dim_2=40--one_task=True--n_train2=16--overlap_bool=no--lmda=0--c=1e-05--init_method=simple--load_model=False--linear_readout=False/
2025-10-09 11:34:39,0,40,40,0.001,0.001,1024,32,0.1,1e-10,100000,40,False,True,True,simple,0.0,1e-05,9.998910727171406e-11,0.7781349420547485,12981,data/diagonal/sparse_overlap/seed=0--active_dim_2=40--one_task=True--n_train2=32--overlap_bool=yes--lmda=0--c=1e-05--init_method=simple--load_model=True--linear_readout=False/
2025-10-09 11:34:51,0,40,40,0.001,0.001,1024,32,0.1,1e-10,100000,40,False,True,False,simple,0.0,1e-05,9.961040325912052e-11,1.0695310831069946,1874,data/diagonal/sparse_overlap/seed=0--active_dim_2=40--one_task=True--n_train2=32--overlap_bool=yes--lmda=0--c=1e-05--init_method=simple--load_model=False--linear_readout=False/
2025-10-09 11:35:09,0,40,40,0.001,0.001,1024,32,0.1,1e-10,100000,40,False,True,True,simple,0.0,1e-05,9.998910727171406e-11,0.7781349420547485,12981,data/diagonal/sparse_overlap/seed=0--active_dim_2=40--one_task=True--n_train2=32--overlap_bool=yes--lmda=0--c=1e-05--init_method=simple--load_model=True--linear_readout=False/
2025-10-09 11:35:22,0,40,40,0.001,0.001,1024,32,0.1,1e-10,100000,40,False,True,False,simple,0.0,1e-05,9.976817288981366e-11,1.0772265195846558,2118,data/diagonal/sparse_overlap/seed=0--active_dim_2=40--one_task=True--n_train2=32--overlap_bool=yes--lmda=0--c=1e-05--init_method=simple--load_model=False--linear_readout=False/
2025-10-09 11:35:35,0,40,40,0.001,0.001,1024,32,0.1,1e-10,100000,0,False,True,True,simple,0.0,1e-05,9.966677483319586e-11,1.1290249824523926,4617,data/diagonal/sparse_overlap/seed=0--active_dim_2=40--one_task=True--n_train2=32--overlap_bool=no--lmda=0--c=1e-05--init_method=simple--load_model=True--linear_readout=False/
2025-10-09 11:35:47,0,40,40,0.001,0.001,1024,32,0.1,1e-10,100000,0,False,True,False,simple,0.0,1e-05,9.899562419812824e-11,1.0323231220245361,1525,data/diagonal/sparse_overlap/seed=0--active_dim_2=40--one_task=True--n_train2=32--overlap_bool=no--lmda=0--c=1e-05--init_method=simple--load_model=False--linear_readout=False/
2025-10-09 11:36:01,0,40,40,0.001,0.001,1024,32,0.1,1e-10,100000,0,False,True,True,simple,0.0,1e-05,9.966677483319586e-11,1.1290249824523926,4617,data/diagonal/sparse_overlap/seed=0--active_dim_2=40--one_task=True--n_train2=32--overlap_bool=no--lmda=0--c=1e-05--init_method=simple--load_model=True--linear_readout=False/
2025-10-09 11:36:29,0,40,40,0.001,0.001,1024,32,0.1,1e-10,100000,0,False,True,False,simple,0.0,1e-05,9.956328816951299e-11,1.0386465787887573,1693,data/diagonal/sparse_overlap/seed=0--active_dim_2=40--one_task=True--n_train2=32--overlap_bool=no--lmda=0--c=1e-05--init_method=simple--load_model=False--linear_readout=False/
2025-10-09 11:36:47,0,40,40,0.001,0.001,1024,64,0.1,1e-10,100000,40,False,True,True,simple,0.0,1e-05,9.993048749601385e-11,0.609176516532898,13863,data/diagonal/sparse_overlap/seed=0--active_dim_2=40--one_task=True--n_train2=64--overlap_bool=yes--lmda=0--c=1e-05--init_method=simple--load_model=True--linear_readout=False/
2025-10-09 11:36:59,0,40,40,0.001,0.001,1024,64,0.1,1e-10,100000,40,False,True,False,simple,0.0,1e-05,9.957845659158693e-11,1.0540790557861328,3114,data/diagonal/sparse_overlap/seed=0--active_dim_2=40--one_task=True--n_train2=64--overlap_bool=yes--lmda=0--c=1e-05--init_method=simple--load_model=False--linear_readout=False/
2025-10-09 11:37:17,0,40,40,0.001,0.001,1024,64,0.1,1e-10,100000,40,False,True,True,simple,0.0,1e-05,9.993048749601385e-11,0.609176516532898,13863,data/diagonal/sparse_overlap/seed=0--active_dim_2=40--one_task=True--n_train2=64--overlap_bool=yes--lmda=0--c=1e-05--init_method=simple--load_model=True--linear_readout=False/
2025-10-09 11:37:31,0,40,40,0.001,0.001,1024,64,0.1,1e-10,100000,40,False,True,False,simple,0.0,1e-05,9.988409405137233e-11,1.0611975193023682,3466,data/diagonal/sparse_overlap/seed=0--active_dim_2=40--one_task=True--n_train2=64--overlap_bool=yes--lmda=0--c=1e-05--init_method=simple--load_model=False--linear_readout=False/
2025-10-09 11:37:49,0,40,40,0.001,0.001,1024,64,0.1,1e-10,100000,0,False,True,True,simple,0.0,1e-05,9.977769305224982e-11,1.1006296873092651,11681,data/diagonal/sparse_overlap/seed=0--active_dim_2=40--one_task=True--n_train2=64--overlap_bool=no--lmda=0--c=1e-05--init_method=simple--load_model=True--linear_readout=False/
2025-10-09 11:38:02,0,40,40,0.001,0.001,1024,64,0.1,1e-10,100000,0,False,True,False,simple,0.0,1e-05,9.974417125580004e-11,1.0471118688583374,3158,data/diagonal/sparse_overlap/seed=0--active_dim_2=40--one_task=True--n_train2=64--overlap_bool=no--lmda=0--c=1e-05--init_method=simple--load_model=False--linear_readout=False/
2025-10-09 11:38:19,0,40,40,0.001,0.001,1024,64,0.1,1e-10,100000,0,False,True,True,simple,0.0,1e-05,9.977769305224982e-11,1.1006296873092651,11681,data/diagonal/sparse_overlap/seed=0--active_dim_2=40--one_task=True--n_train2=64--overlap_bool=no--lmda=0--c=1e-05--init_method=simple--load_model=True--linear_readout=False/
2025-10-09 11:38:33,0,40,40,0.001,0.001,1024,64,0.1,1e-10,100000,0,False,True,False,simple,0.0,1e-05,9.98288188225338e-11,1.051449179649353,3534,data/diagonal/sparse_overlap/seed=0--active_dim_2=40--one_task=True--n_train2=64--overlap_bool=no--lmda=0--c=1e-05--init_method=simple--load_model=False--linear_readout=False/
2025-10-09 11:39:35,0,40,40,0.001,0.001,1024,128,0.1,1e-10,100000,40,False,True,True,simple,0.0,1e-05,6.765473159475732e-08,2.8334787202766165e-05,99999,data/diagonal/sparse_overlap/seed=0--active_dim_2=40--one_task=True--n_train2=128--overlap_bool=yes--lmda=0--c=1e-05--init_method=simple--load_model=True--linear_readout=False/
2025-10-09 11:39:55,0,40,40,0.001,0.001,1024,128,0.1,1e-10,100000,40,False,True,False,simple,0.0,1e-05,9.999249345193917e-11,0.72963547706604,8761,data/diagonal/sparse_overlap/seed=0--active_dim_2=40--one_task=True--n_train2=128--overlap_bool=yes--lmda=0--c=1e-05--init_method=simple--load_model=False--linear_readout=False/
2025-10-09 11:40:59,0,40,40,0.001,0.001,1024,128,0.1,1e-10,100000,40,False,True,True,simple,0.0,1e-05,6.765473159475732e-08,2.8334787202766165e-05,99999,data/diagonal/sparse_overlap/seed=0--active_dim_2=40--one_task=True--n_train2=128--overlap_bool=yes--lmda=0--c=1e-05--init_method=simple--load_model=True--linear_readout=False/
2025-10-09 11:41:16,0,40,40,0.001,0.001,1024,128,0.1,1e-10,100000,40,False,True,False,simple,0.0,1e-05,9.986374227555217e-11,0.7323639392852783,9924,data/diagonal/sparse_overlap/seed=0--active_dim_2=40--one_task=True--n_train2=128--overlap_bool=yes--lmda=0--c=1e-05--init_method=simple--load_model=False--linear_readout=False/
2025-10-09 11:41:40,0,40,40,0.001,0.001,1024,128,0.1,1e-10,100000,0,False,True,True,simple,0.0,1e-05,9.997226657620928e-11,0.964301347732544,23486,data/diagonal/sparse_overlap/seed=0--active_dim_2=40--one_task=True--n_train2=128--overlap_bool=no--lmda=0--c=1e-05--init_method=simple--load_model=True--linear_readout=False/
2025-10-09 11:41:56,0,40,40,0.001,0.001,1024,128,0.1,1e-10,100000,0,False,True,False,simple,0.0,1e-05,9.99810026436343e-11,0.8454744219779968,7745,data/diagonal/sparse_overlap/seed=0--active_dim_2=40--one_task=True--n_train2=128--overlap_bool=no--lmda=0--c=1e-05--init_method=simple--load_model=False--linear_readout=False/
2025-10-09 11:42:20,0,40,40,0.001,0.001,1024,128,0.1,1e-10,100000,0,False,True,True,simple,0.0,1e-05,9.997226657620928e-11,0.964301347732544,23486,data/diagonal/sparse_overlap/seed=0--active_dim_2=40--one_task=True--n_train2=128--overlap_bool=no--lmda=0--c=1e-05--init_method=simple--load_model=True--linear_readout=False/
2025-10-09 11:42:37,0,40,40,0.001,0.001,1024,128,0.1,1e-10,100000,0,False,True,False,simple,0.0,1e-05,9.98442648003639e-11,0.8487799763679504,8603,data/diagonal/sparse_overlap/seed=0--active_dim_2=40--one_task=True--n_train2=128--overlap_bool=no--lmda=0--c=1e-05--init_method=simple--load_model=False--linear_readout=False/
2025-10-09 12:22:52,0,40,40,0.001,0.001,1024,16,0.1,1e-10,100000,40,False,True,False,simple,0.0,1e-05,9.96906446282253e-11,1.0892035961151123,952,data/diagonal/sparse_overlap/seed=0--active_dim_2=40--one_task=True--n_train2=16--overlap_bool=yes--lmda=0--c=1e-05--init_method=simple--load_model=False--linear_readout=False/
2025-10-09 12:24:13,0,40,40,0.001,0.001,1024,16,0.1,1e-10,100000,40,False,True,False,simple,0.0,1e-05,9.96906446282253e-11,1.0892035961151123,952,data/diagonal/sparse_overlap/seed=0--active_dim_2=40--one_task=True--n_train2=16--overlap_bool=yes--w_scaling=1.0--lmda=0--c=1e-05--init_method=simple--load_model=False--linear_readout=False/
2025-10-09 12:25:21,0,40,5,0.001,0.001,1024,16,0.1,1e-10,100000,5,False,True,True,simple,0.0,1e-05,9.963876251850579e-11,1.008826732635498,4221,data/diagonal/sparse_overlap/seed=0--active_dim_2=5--one_task=True--n_train2=16--overlap_bool=yes--w_scaling=1.0--lmda=0--c=1e-05--init_method=simple--load_model=True--linear_readout=False/
2025-10-09 12:25:32,0,40,5,0.001,0.001,1024,16,0.1,1e-10,100000,5,False,True,False,simple,0.0,1e-05,9.927902944184552e-11,1.0079131126403809,1124,data/diagonal/sparse_overlap/seed=0--active_dim_2=5--one_task=True--n_train2=16--overlap_bool=yes--w_scaling=1.0--lmda=0--c=1e-05--init_method=simple--load_model=False--linear_readout=False/
2025-10-09 12:25:44,0,40,5,0.001,0.001,1024,16,0.1,1e-10,100000,5,False,True,True,simple,0.0,1e-05,9.963876251850579e-11,1.008826732635498,4221,data/diagonal/sparse_overlap/seed=0--active_dim_2=5--one_task=True--n_train2=16--overlap_bool=yes--w_scaling=0.01--lmda=0--c=1e-05--init_method=simple--load_model=True--linear_readout=False/
2025-10-09 12:25:55,0,40,5,0.001,0.001,1024,16,0.1,1e-10,100000,5,False,True,False,simple,0.0,1e-05,9.910057496842484e-11,1.008182168006897,1220,data/diagonal/sparse_overlap/seed=0--active_dim_2=5--one_task=True--n_train2=16--overlap_bool=yes--w_scaling=0.01--lmda=0--c=1e-05--init_method=simple--load_model=False--linear_readout=False/
2025-10-09 12:26:07,0,40,5,0.001,0.001,1024,16,0.1,1e-10,100000,0,False,True,True,simple,0.0,1e-05,9.971896225424715e-11,1.0823802947998047,2322,data/diagonal/sparse_overlap/seed=0--active_dim_2=5--one_task=True--n_train2=16--overlap_bool=no--w_scaling=1.0--lmda=0--c=1e-05--init_method=simple--load_model=True--linear_readout=False/
2025-10-09 12:26:18,0,40,5,0.001,0.001,1024,16,0.1,1e-10,100000,0,False,True,False,simple,0.0,1e-05,9.817265750333704e-11,1.035177230834961,830,data/diagonal/sparse_overlap/seed=0--active_dim_2=5--one_task=True--n_train2=16--overlap_bool=no--w_scaling=1.0--lmda=0--c=1e-05--init_method=simple--load_model=False--linear_readout=False/
2025-10-09 12:26:30,0,40,5,0.001,0.001,1024,16,0.1,1e-10,100000,0,False,True,True,simple,0.0,1e-05,9.971896225424715e-11,1.0823802947998047,2322,data/diagonal/sparse_overlap/seed=0--active_dim_2=5--one_task=True--n_train2=16--overlap_bool=no--w_scaling=0.01--lmda=0--c=1e-05--init_method=simple--load_model=True--linear_readout=False/
2025-10-09 12:26:40,0,40,5,0.001,0.001,1024,16,0.1,1e-10,100000,0,False,True,False,simple,0.0,1e-05,9.960871016900796e-11,1.0403388738632202,913,data/diagonal/sparse_overlap/seed=0--active_dim_2=5--one_task=True--n_train2=16--overlap_bool=no--w_scaling=0.01--lmda=0--c=1e-05--init_method=simple--load_model=False--linear_readout=False/
2025-10-09 12:27:25,0,40,5,0.001,0.001,1024,32,0.1,1e-10,100000,5,False,True,True,simple,0.0,1e-05,1.1792404552846136e-10,0.0009946783538907766,99999,data/diagonal/sparse_overlap/seed=0--active_dim_2=5--one_task=True--n_train2=32--overlap_bool=yes--w_scaling=1.0--lmda=0--c=1e-05--init_method=simple--load_model=True--linear_readout=False/
2025-10-09 12:27:37,0,40,5,0.001,0.001,1024,32,0.1,1e-10,100000,5,False,True,False,simple,0.0,1e-05,9.996319050298297e-11,0.9907373785972595,1777,data/diagonal/sparse_overlap/seed=0--active_dim_2=5--one_task=True--n_train2=32--overlap_bool=yes--w_scaling=1.0--lmda=0--c=1e-05--init_method=simple--load_model=False--linear_readout=False/
2025-10-09 12:28:20,0,40,5,0.001,0.001,1024,32,0.1,1e-10,100000,5,False,True,True,simple,0.0,1e-05,1.1792404552846136e-10,0.0009946783538907766,99999,data/diagonal/sparse_overlap/seed=0--active_dim_2=5--one_task=True--n_train2=32--overlap_bool=yes--w_scaling=0.01--lmda=0--c=1e-05--init_method=simple--load_model=True--linear_readout=False/
2025-10-09 12:28:46,0,40,5,0.001,0.001,1024,32,0.1,1e-10,100000,5,False,True,False,simple,0.0,1e-05,9.931940686547236e-11,0.99469393491745,1952,data/diagonal/sparse_overlap/seed=0--active_dim_2=5--one_task=True--n_train2=32--overlap_bool=yes--w_scaling=0.01--lmda=0--c=1e-05--init_method=simple--load_model=False--linear_readout=False/
2025-10-09 12:29:12,0,40,5,0.001,0.001,1024,32,0.1,1e-10,100000,0,False,True,True,simple,0.0,1e-05,9.989768040563618e-11,0.6563860774040222,6708,data/diagonal/sparse_overlap/seed=0--active_dim_2=5--one_task=True--n_train2=32--overlap_bool=no--w_scaling=1.0--lmda=0--c=1e-05--init_method=simple--load_model=True--linear_readout=False/
2025-10-09 12:29:30,0,40,5,0.001,0.001,1024,32,0.1,1e-10,100000,0,False,True,False,simple,0.0,1e-05,9.939557510385555e-11,0.6716625094413757,1892,data/diagonal/sparse_overlap/seed=0--active_dim_2=5--one_task=True--n_train2=32--overlap_bool=no--w_scaling=1.0--lmda=0--c=1e-05--init_method=simple--load_model=False--linear_readout=False/
2025-10-09 12:29:56,0,40,5,0.001,0.001,1024,32,0.1,1e-10,100000,0,False,True,True,simple,0.0,1e-05,9.989768040563618e-11,0.6563860774040222,6708,data/diagonal/sparse_overlap/seed=0--active_dim_2=5--one_task=True--n_train2=32--overlap_bool=no--w_scaling=0.01--lmda=0--c=1e-05--init_method=simple--load_model=True--linear_readout=False/
2025-10-09 12:30:18,0,40,5,0.001,0.001,1024,32,0.1,1e-10,100000,0,False,True,False,simple,0.0,1e-05,9.97844099015488e-11,0.6704356670379639,2150,data/diagonal/sparse_overlap/seed=0--active_dim_2=5--one_task=True--n_train2=32--overlap_bool=no--w_scaling=0.01--lmda=0--c=1e-05--init_method=simple--load_model=False--linear_readout=False/
2025-10-09 12:31:08,0,40,5,0.001,0.001,1024,64,0.1,1e-10,100000,5,False,True,True,simple,0.0,1e-05,1.7335974877852323e-09,2.8516167205339116e-09,99999,data/diagonal/sparse_overlap/seed=0--active_dim_2=5--one_task=True--n_train2=64--overlap_bool=yes--w_scaling=1.0--lmda=0--c=1e-05--init_method=simple--load_model=True--linear_readout=False/
2025-10-09 12:31:32,0,40,5,0.001,0.001,1024,64,0.1,1e-10,100000,5,False,True,False,simple,0.0,1e-05,9.989364890827801e-11,0.020335089415311813,10985,data/diagonal/sparse_overlap/seed=0--active_dim_2=5--one_task=True--n_train2=64--overlap_bool=yes--w_scaling=1.0--lmda=0--c=1e-05--init_method=simple--load_model=False--linear_readout=False/
2025-10-09 12:32:26,0,40,5,0.001,0.001,1024,64,0.1,1e-10,100000,5,False,True,True,simple,0.0,1e-05,1.7335974877852323e-09,2.8516167205339116e-09,99999,data/diagonal/sparse_overlap/seed=0--active_dim_2=5--one_task=True--n_train2=64--overlap_bool=yes--w_scaling=0.01--lmda=0--c=1e-05--init_method=simple--load_model=True--linear_readout=False/
2025-10-09 12:32:45,0,40,5,0.001,0.001,1024,64,0.1,1e-10,100000,5,False,True,False,simple,0.0,1e-05,9.990036575757699e-11,0.012912701815366745,14261,data/diagonal/sparse_overlap/seed=0--active_dim_2=5--one_task=True--n_train2=64--overlap_bool=yes--w_scaling=0.01--lmda=0--c=1e-05--init_method=simple--load_model=False--linear_readout=False/
2025-10-09 12:33:37,0,40,5,0.001,0.001,1024,64,0.1,1e-10,100000,0,False,True,True,simple,0.0,1e-05,2.345649185997445e-08,8.030739991227165e-05,99999,data/diagonal/sparse_overlap/seed=0--active_dim_2=5--one_task=True--n_train2=64--overlap_bool=no--w_scaling=1.0--lmda=0--c=1e-05--init_method=simple--load_model=True--linear_readout=False/
2025-10-09 12:34:04,0,40,5,0.001,0.001,1024,64,0.1,1e-10,100000,0,False,True,False,simple,0.0,1e-05,9.987095872521223e-11,0.034983742982149124,9604,data/diagonal/sparse_overlap/seed=0--active_dim_2=5--one_task=True--n_train2=64--overlap_bool=no--w_scaling=1.0--lmda=0--c=1e-05--init_method=simple--load_model=False--linear_readout=False/
2025-10-09 12:34:56,0,40,5,0.001,0.001,1024,64,0.1,1e-10,100000,0,False,True,True,simple,0.0,1e-05,2.345649185997445e-08,8.030739991227165e-05,99999,data/diagonal/sparse_overlap/seed=0--active_dim_2=5--one_task=True--n_train2=64--overlap_bool=no--w_scaling=0.01--lmda=0--c=1e-05--init_method=simple--load_model=True--linear_readout=False/
2025-10-09 12:35:24,0,40,5,0.001,0.001,1024,64,0.1,1e-10,100000,0,False,True,False,simple,0.0,1e-05,9.994376160005203e-11,0.023623758926987648,12225,data/diagonal/sparse_overlap/seed=0--active_dim_2=5--one_task=True--n_train2=64--overlap_bool=no--w_scaling=0.01--lmda=0--c=1e-05--init_method=simple--load_model=False--linear_readout=False/
2025-10-09 12:36:24,0,40,5,0.001,0.001,1024,128,0.1,1e-10,100000,5,False,True,True,simple,0.0,1e-05,1.2390355408342657e-09,1.2703227358912272e-09,99999,data/diagonal/sparse_overlap/seed=0--active_dim_2=5--one_task=True--n_train2=128--overlap_bool=yes--w_scaling=1.0--lmda=0--c=1e-05--init_method=simple--load_model=True--linear_readout=False/
2025-10-09 12:37:23,0,40,5,0.001,0.001,1024,128,0.1,1e-10,100000,5,False,True,False,simple,0.0,1e-05,7.614265884470228e-10,4.863395952270366e-05,99999,data/diagonal/sparse_overlap/seed=0--active_dim_2=5--one_task=True--n_train2=128--overlap_bool=yes--w_scaling=1.0--lmda=0--c=1e-05--init_method=simple--load_model=False--linear_readout=False/
2025-10-09 12:38:28,0,40,5,0.001,0.001,1024,128,0.1,1e-10,100000,5,False,True,True,simple,0.0,1e-05,1.2390355408342657e-09,1.2703227358912272e-09,99999,data/diagonal/sparse_overlap/seed=0--active_dim_2=5--one_task=True--n_train2=128--overlap_bool=yes--w_scaling=0.01--lmda=0--c=1e-05--init_method=simple--load_model=True--linear_readout=False/
2025-10-09 12:39:30,0,40,5,0.001,0.001,1024,128,0.1,1e-10,100000,5,False,True,False,simple,0.0,1e-05,3.285130389940605e-09,2.1340352759580128e-05,99999,data/diagonal/sparse_overlap/seed=0--active_dim_2=5--one_task=True--n_train2=128--overlap_bool=yes--w_scaling=0.01--lmda=0--c=1e-05--init_method=simple--load_model=False--linear_readout=False/
2025-10-09 12:40:27,0,40,5,0.001,0.001,1024,128,0.1,1e-10,100000,0,False,True,True,simple,0.0,1e-05,2.4928683561853404e-09,3.928905201178168e-09,99999,data/diagonal/sparse_overlap/seed=0--active_dim_2=5--one_task=True--n_train2=128--overlap_bool=no--w_scaling=1.0--lmda=0--c=1e-05--init_method=simple--load_model=True--linear_readout=False/
2025-10-09 12:41:30,0,40,5,0.001,0.001,1024,128,0.1,1e-10,100000,0,False,True,False,simple,0.0,1e-05,1.5476075976295078e-09,1.3018395293329377e-05,99999,data/diagonal/sparse_overlap/seed=0--active_dim_2=5--one_task=True--n_train2=128--overlap_bool=no--w_scaling=1.0--lmda=0--c=1e-05--init_method=simple--load_model=False--linear_readout=False/
2025-10-09 12:42:35,0,40,5,0.001,0.001,1024,128,0.1,1e-10,100000,0,False,True,True,simple,0.0,1e-05,2.4928683561853404e-09,3.928905201178168e-09,99999,data/diagonal/sparse_overlap/seed=0--active_dim_2=5--one_task=True--n_train2=128--overlap_bool=no--w_scaling=0.01--lmda=0--c=1e-05--init_method=simple--load_model=True--linear_readout=False/
2025-10-09 12:43:41,0,40,5,0.001,0.001,1024,128,0.1,1e-10,100000,0,False,True,False,simple,0.0,1e-05,5.361123989189309e-09,5.37580854143016e-06,99999,data/diagonal/sparse_overlap/seed=0--active_dim_2=5--one_task=True--n_train2=128--overlap_bool=no--w_scaling=0.01--lmda=0--c=1e-05--init_method=simple--load_model=False--linear_readout=False/
2025-10-09 12:44:10,0,40,40,0.001,0.001,1024,16,0.1,1e-10,100000,40,False,True,True,simple,0.0,1e-05,9.99548985247678e-11,0.827499508857727,4075,data/diagonal/sparse_overlap/seed=0--active_dim_2=40--one_task=True--n_train2=16--overlap_bool=yes--w_scaling=1.0--lmda=0--c=1e-05--init_method=simple--load_model=True--linear_readout=False/
2025-10-09 12:44:27,0,40,40,0.001,0.001,1024,16,0.1,1e-10,100000,40,False,True,False,simple,0.0,1e-05,9.96906446282253e-11,1.0892035961151123,952,data/diagonal/sparse_overlap/seed=0--active_dim_2=40--one_task=True--n_train2=16--overlap_bool=yes--w_scaling=1.0--lmda=0--c=1e-05--init_method=simple--load_model=False--linear_readout=False/
2025-10-09 12:44:49,0,40,40,0.001,0.001,1024,16,0.1,1e-10,100000,40,False,True,True,simple,0.0,1e-05,9.99548985247678e-11,0.827499508857727,4075,data/diagonal/sparse_overlap/seed=0--active_dim_2=40--one_task=True--n_train2=16--overlap_bool=yes--w_scaling=0.01--lmda=0--c=1e-05--init_method=simple--load_model=True--linear_readout=False/
2025-10-09 12:45:22,0,40,40,0.001,0.001,1024,16,0.1,1e-10,100000,40,False,True,False,simple,0.0,1e-05,9.85361237049176e-11,1.0950876474380493,1056,data/diagonal/sparse_overlap/seed=0--active_dim_2=40--one_task=True--n_train2=16--overlap_bool=yes--w_scaling=0.01--lmda=0--c=1e-05--init_method=simple--load_model=False--linear_readout=False/
2025-10-09 12:45:44,0,40,40,0.001,0.001,1024,16,0.1,1e-10,100000,0,False,True,True,simple,0.0,1e-05,9.912417414659203e-11,1.260359764099121,2238,data/diagonal/sparse_overlap/seed=0--active_dim_2=40--one_task=True--n_train2=16--overlap_bool=no--w_scaling=1.0--lmda=0--c=1e-05--init_method=simple--load_model=True--linear_readout=False/
2025-10-09 12:46:04,0,40,40,0.001,0.001,1024,16,0.1,1e-10,100000,0,False,True,False,simple,0.0,1e-05,9.905762321515965e-11,1.039408802986145,834,data/diagonal/sparse_overlap/seed=0--active_dim_2=40--one_task=True--n_train2=16--overlap_bool=no--w_scaling=1.0--lmda=0--c=1e-05--init_method=simple--load_model=False--linear_readout=False/
2025-10-09 12:46:33,0,40,40,0.001,0.001,1024,16,0.1,1e-10,100000,0,False,True,True,simple,0.0,1e-05,9.912417414659203e-11,1.260359764099121,2238,data/diagonal/sparse_overlap/seed=0--active_dim_2=40--one_task=True--n_train2=16--overlap_bool=no--w_scaling=0.01--lmda=0--c=1e-05--init_method=simple--load_model=True--linear_readout=False/
2025-10-09 12:46:59,0,40,40,0.001,0.001,1024,16,0.1,1e-10,100000,0,False,True,False,simple,0.0,1e-05,9.85647050089078e-11,1.0461703538894653,946,data/diagonal/sparse_overlap/seed=0--active_dim_2=40--one_task=True--n_train2=16--overlap_bool=no--w_scaling=0.01--lmda=0--c=1e-05--init_method=simple--load_model=False--linear_readout=False/
2025-10-09 12:47:26,0,40,40,0.001,0.001,1024,32,0.1,1e-10,100000,40,False,True,True,simple,0.0,1e-05,9.998910727171406e-11,0.7781349420547485,12981,data/diagonal/sparse_overlap/seed=0--active_dim_2=40--one_task=True--n_train2=32--overlap_bool=yes--w_scaling=1.0--lmda=0--c=1e-05--init_method=simple--load_model=True--linear_readout=False/
2025-10-09 12:47:51,0,40,40,0.001,0.001,1024,32,0.1,1e-10,100000,40,False,True,False,simple,0.0,1e-05,9.961040325912052e-11,1.0695310831069946,1874,data/diagonal/sparse_overlap/seed=0--active_dim_2=40--one_task=True--n_train2=32--overlap_bool=yes--w_scaling=1.0--lmda=0--c=1e-05--init_method=simple--load_model=False--linear_readout=False/
2025-10-09 12:48:17,0,40,40,0.001,0.001,1024,32,0.1,1e-10,100000,40,False,True,True,simple,0.0,1e-05,9.998910727171406e-11,0.7781349420547485,12981,data/diagonal/sparse_overlap/seed=0--active_dim_2=40--one_task=True--n_train2=32--overlap_bool=yes--w_scaling=0.01--lmda=0--c=1e-05--init_method=simple--load_model=True--linear_readout=False/
2025-10-09 12:48:38,0,40,40,0.001,0.001,1024,32,0.1,1e-10,100000,40,False,True,False,simple,0.0,1e-05,9.976817288981366e-11,1.0772265195846558,2118,data/diagonal/sparse_overlap/seed=0--active_dim_2=40--one_task=True--n_train2=32--overlap_bool=yes--w_scaling=0.01--lmda=0--c=1e-05--init_method=simple--load_model=False--linear_readout=False/
2025-10-09 12:49:04,0,40,40,0.001,0.001,1024,32,0.1,1e-10,100000,0,False,True,True,simple,0.0,1e-05,9.966677483319586e-11,1.1290249824523926,4617,data/diagonal/sparse_overlap/seed=0--active_dim_2=40--one_task=True--n_train2=32--overlap_bool=no--w_scaling=1.0--lmda=0--c=1e-05--init_method=simple--load_model=True--linear_readout=False/
2025-10-09 12:49:20,0,40,40,0.001,0.001,1024,32,0.1,1e-10,100000,0,False,True,False,simple,0.0,1e-05,9.899562419812824e-11,1.0323231220245361,1525,data/diagonal/sparse_overlap/seed=0--active_dim_2=40--one_task=True--n_train2=32--overlap_bool=no--w_scaling=1.0--lmda=0--c=1e-05--init_method=simple--load_model=False--linear_readout=False/
2025-10-09 12:49:39,0,40,40,0.001,0.001,1024,32,0.1,1e-10,100000,0,False,True,True,simple,0.0,1e-05,9.966677483319586e-11,1.1290249824523926,4617,data/diagonal/sparse_overlap/seed=0--active_dim_2=40--one_task=True--n_train2=32--overlap_bool=no--w_scaling=0.01--lmda=0--c=1e-05--init_method=simple--load_model=True--linear_readout=False/
2025-10-09 12:49:55,0,40,40,0.001,0.001,1024,32,0.1,1e-10,100000,0,False,True,False,simple,0.0,1e-05,9.956328816951299e-11,1.0386465787887573,1693,data/diagonal/sparse_overlap/seed=0--active_dim_2=40--one_task=True--n_train2=32--overlap_bool=no--w_scaling=0.01--lmda=0--c=1e-05--init_method=simple--load_model=False--linear_readout=False/
2025-10-09 12:50:25,0,40,40,0.001,0.001,1024,64,0.1,1e-10,100000,40,False,True,True,simple,0.0,1e-05,9.993048749601385e-11,0.609176516532898,13863,data/diagonal/sparse_overlap/seed=0--active_dim_2=40--one_task=True--n_train2=64--overlap_bool=yes--w_scaling=1.0--lmda=0--c=1e-05--init_method=simple--load_model=True--linear_readout=False/
2025-10-09 12:50:40,0,40,40,0.001,0.001,1024,64,0.1,1e-10,100000,40,False,True,False,simple,0.0,1e-05,9.957845659158693e-11,1.0540790557861328,3114,data/diagonal/sparse_overlap/seed=0--active_dim_2=40--one_task=True--n_train2=64--overlap_bool=yes--w_scaling=1.0--lmda=0--c=1e-05--init_method=simple--load_model=False--linear_readout=False/
2025-10-09 12:51:07,0,40,40,0.001,0.001,1024,64,0.1,1e-10,100000,40,False,True,True,simple,0.0,1e-05,9.993048749601385e-11,0.609176516532898,13863,data/diagonal/sparse_overlap/seed=0--active_dim_2=40--one_task=True--n_train2=64--overlap_bool=yes--w_scaling=0.01--lmda=0--c=1e-05--init_method=simple--load_model=True--linear_readout=False/
2025-10-09 12:51:33,0,40,40,0.001,0.001,1024,64,0.1,1e-10,100000,40,False,True,False,simple,0.0,1e-05,9.988409405137233e-11,1.0611975193023682,3466,data/diagonal/sparse_overlap/seed=0--active_dim_2=40--one_task=True--n_train2=64--overlap_bool=yes--w_scaling=0.01--lmda=0--c=1e-05--init_method=simple--load_model=False--linear_readout=False/
2025-10-09 12:51:56,0,40,40,0.001,0.001,1024,64,0.1,1e-10,100000,0,False,True,True,simple,0.0,1e-05,9.977769305224982e-11,1.1006296873092651,11681,data/diagonal/sparse_overlap/seed=0--active_dim_2=40--one_task=True--n_train2=64--overlap_bool=no--w_scaling=1.0--lmda=0--c=1e-05--init_method=simple--load_model=True--linear_readout=False/
2025-10-09 12:52:20,0,40,40,0.001,0.001,1024,64,0.1,1e-10,100000,0,False,True,False,simple,0.0,1e-05,9.974417125580004e-11,1.0471118688583374,3158,data/diagonal/sparse_overlap/seed=0--active_dim_2=40--one_task=True--n_train2=64--overlap_bool=no--w_scaling=1.0--lmda=0--c=1e-05--init_method=simple--load_model=False--linear_readout=False/
2025-10-09 12:52:45,0,40,40,0.001,0.001,1024,64,0.1,1e-10,100000,0,False,True,True,simple,0.0,1e-05,9.977769305224982e-11,1.1006296873092651,11681,data/diagonal/sparse_overlap/seed=0--active_dim_2=40--one_task=True--n_train2=64--overlap_bool=no--w_scaling=0.01--lmda=0--c=1e-05--init_method=simple--load_model=True--linear_readout=False/
2025-10-09 12:53:07,0,40,40,0.001,0.001,1024,64,0.1,1e-10,100000,0,False,True,False,simple,0.0,1e-05,9.98288188225338e-11,1.051449179649353,3534,data/diagonal/sparse_overlap/seed=0--active_dim_2=40--one_task=True--n_train2=64--overlap_bool=no--w_scaling=0.01--lmda=0--c=1e-05--init_method=simple--load_model=False--linear_readout=False/
2025-10-09 12:54:08,0,40,40,0.001,0.001,1024,128,0.1,1e-10,100000,40,False,True,True,simple,0.0,1e-05,6.765473159475732e-08,2.8334787202766165e-05,99999,data/diagonal/sparse_overlap/seed=0--active_dim_2=40--one_task=True--n_train2=128--overlap_bool=yes--w_scaling=1.0--lmda=0--c=1e-05--init_method=simple--load_model=True--linear_readout=False/
2025-10-09 12:54:42,0,40,40,0.001,0.001,1024,128,0.1,1e-10,100000,40,False,True,False,simple,0.0,1e-05,9.999249345193917e-11,0.72963547706604,8761,data/diagonal/sparse_overlap/seed=0--active_dim_2=40--one_task=True--n_train2=128--overlap_bool=yes--w_scaling=1.0--lmda=0--c=1e-05--init_method=simple--load_model=False--linear_readout=False/
2025-10-09 12:55:37,0,40,40,0.001,0.001,1024,128,0.1,1e-10,100000,40,False,True,True,simple,0.0,1e-05,6.765473159475732e-08,2.8334787202766165e-05,99999,data/diagonal/sparse_overlap/seed=0--active_dim_2=40--one_task=True--n_train2=128--overlap_bool=yes--w_scaling=0.01--lmda=0--c=1e-05--init_method=simple--load_model=True--linear_readout=False/
2025-10-09 12:56:06,0,40,40,0.001,0.001,1024,128,0.1,1e-10,100000,40,False,True,False,simple,0.0,1e-05,9.986374227555217e-11,0.7323639392852783,9924,data/diagonal/sparse_overlap/seed=0--active_dim_2=40--one_task=True--n_train2=128--overlap_bool=yes--w_scaling=0.01--lmda=0--c=1e-05--init_method=simple--load_model=False--linear_readout=False/
2025-10-09 12:56:37,0,40,40,0.001,0.001,1024,128,0.1,1e-10,100000,0,False,True,True,simple,0.0,1e-05,9.997226657620928e-11,0.964301347732544,23486,data/diagonal/sparse_overlap/seed=0--active_dim_2=40--one_task=True--n_train2=128--overlap_bool=no--w_scaling=1.0--lmda=0--c=1e-05--init_method=simple--load_model=True--linear_readout=False/
2025-10-09 12:56:59,0,40,40,0.001,0.001,1024,128,0.1,1e-10,100000,0,False,True,False,simple,0.0,1e-05,9.99810026436343e-11,0.8454744219779968,7745,data/diagonal/sparse_overlap/seed=0--active_dim_2=40--one_task=True--n_train2=128--overlap_bool=no--w_scaling=1.0--lmda=0--c=1e-05--init_method=simple--load_model=False--linear_readout=False/
2025-10-09 12:57:32,0,40,40,0.001,0.001,1024,128,0.1,1e-10,100000,0,False,True,True,simple,0.0,1e-05,9.997226657620928e-11,0.964301347732544,23486,data/diagonal/sparse_overlap/seed=0--active_dim_2=40--one_task=True--n_train2=128--overlap_bool=no--w_scaling=0.01--lmda=0--c=1e-05--init_method=simple--load_model=True--linear_readout=False/
2025-10-09 12:57:54,0,40,40,0.001,0.001,1024,128,0.1,1e-10,100000,0,False,True,False,simple,0.0,1e-05,9.98442648003639e-11,0.8487799763679504,8603,data/diagonal/sparse_overlap/seed=0--active_dim_2=40--one_task=True--n_train2=128--overlap_bool=no--w_scaling=0.01--lmda=0--c=1e-05--init_method=simple--load_model=False--linear_readout=False/
